Name,Pitches,Velo,Max_Velo,SpinRate,IVB,HB,RelHeight,Extension,Stuff
Aaron Bummer,1098,89.08,97.3,2258.04,0.64,0.64,5.18,6.5,109.55
Aaron Civale,2002,86.4,94.9,2610.25,3.92,1.22,6.35,5.68,118.96
Aaron Loup,832,87.33,94.6,2199.07,2.87,12.83,4.47,6.11,118.26
Adam Cimber,364,82.23,87.9,2234.35,3.07,-5.5,2.02,6.58,131.4
Adam Oller,412,88.83,96.0,2136.36,7.47,-0.87,5.79,6.29,99.51
Adrian Morejon,160,90.52,97.9,2446.2,8.86,0.89,6.04,6.6,117.08
Adrián Martínez,943,89.38,96.6,2123.22,3.77,-13.12,5.63,6.17,101.5
Albert Abreu,1044,93.33,100.2,2130.68,11.21,-9.1,5.74,6.62,118.55
Alec Marsh,1342,89.1,97.4,2348.78,5.59,-3.85,5.67,6.37,109.02
Alek Manoah,1663,88.32,95.8,2215.1,8.88,-4.31,5.79,6.78,109.9
Alex Cobb,2491,90.4,97.1,2004.89,1.28,-9.62,5.77,5.91,106.76
Alex Faedo,1034,87.92,95.9,2421.54,8.32,-5.81,6.1,5.87,104.47
Alex Lange,1145,90.02,97.9,2159.87,0.89,-6.47,5.72,6.42,147.92
Alex Wood,1690,87.27,95.4,1910.08,3.68,9.93,4.76,6.25,125.47
Amir Garrett,460,90.87,97.8,2080.88,10.54,5.94,5.95,6.33,97.41
Andrew Chafin,618,88.77,95.3,2291.52,7.72,8.15,6.35,6.71,105.33
Andrew Heaney,2602,88.41,96.9,2392.37,9.09,10.73,5.01,6.46,119.0
Andrew Kittredge,186,92.16,96.2,2465.67,7.89,-5.44,5.83,6.59,119.36
Andrew Saalfrank,156,89.18,94.8,2122.54,0.93,5.71,6.18,6.04,94.53
Andrew Vasquez,199,82.13,90.6,2543.64,-2.05,-12.42,5.71,6.1,100.43
Andrew Wantz,642,89.69,96.2,2456.78,10.75,2.15,6.02,6.29,122.05
Andrés Muñoz,822,93.81,101.9,2233.82,6.84,-5.07,5.03,6.44,150.27
Angel Felipe,248,90.2,98.1,2146.84,3.84,-6.14,6.03,6.79,118.68
Angel Zerpa,707,91.05,96.7,2023.49,7.11,8.24,5.49,5.48,105.36
Anthony Bass,322,88.88,96.2,2124.43,4.52,-2.45,5.82,6.54,111.33
Anthony DeSclafani,1508,89.35,96.0,2100.77,7.8,-5.03,5.52,6.49,101.41
Anthony Misiewicz,240,86.75,94.5,2426.22,3.44,-1.32,5.99,6.02,111.7
Aroldis Chapman,1002,95.58,103.8,2298.5,12.94,1.99,6.08,7.16,164.84
Austin Adams,361,88.68,95.8,2900.14,0.57,5.7,5.24,5.86,137.0
Austin Cox,578,87.04,94.9,2102.26,9.6,1.56,6.27,6.12,88.3
Austin Pruitt,745,88.12,93.8,2466.33,5.05,0.19,5.89,5.66,100.36
Austin Voth,660,86.5,95.3,2586.2,6.24,4.4,5.66,6.35,125.41
Bailey Ober,2325,86.26,94.0,2199.03,8.76,-5.39,5.83,7.25,117.96
Beau Brieske,624,93.1,98.9,2297.63,11.31,-8.14,5.91,6.06,112.48
Ben Joyce,201,98.15,103.2,2434.69,9.72,-9.53,4.77,7.05,175.81
Blake Snell,3164,90.08,98.8,2295.61,10.04,1.71,6.59,6.88,130.21
Bowden Francis,539,86.24,97.8,2534.41,6.03,2.47,5.93,6.78,127.63
Brad Keller,863,88.97,97.8,2322.82,3.09,2.35,6.15,6.07,91.87
Braden Bristo,114,88.27,93.5,2374.37,7.52,-2.63,5.08,5.74,112.44
Brady Singer,2603,88.35,96.2,2293.7,5.73,-6.02,5.28,6.99,115.82
Brandon Bielak,1386,88.25,94.8,2230.69,4.64,-5.76,6.22,5.54,91.39
Brandon Pfaadt,1611,89.27,96.1,2460.03,9.3,-2.44,5.48,6.75,122.18
Brandon Walter,365,85.92,93.6,2275.3,1.92,3.05,5.34,6.64,100.67
Brayan Bello,2617,91.22,97.7,2004.05,3.58,-11.92,5.23,6.35,109.96
Brendan White,652,88.64,97.5,2600.55,3.46,4.13,4.82,6.46,131.64
Brennan Bernardino,863,85.07,93.0,2311.89,2.64,1.45,5.01,5.8,98.3
Brent Headrick,493,86.69,94.4,2106.31,11.1,6.91,6.17,6.63,95.68
Brent Honeywell,941,89.27,97.3,2092.67,9.51,-5.11,6.07,6.29,92.85
Brock Burke,911,92.5,98.3,2192.98,12.38,7.4,6.12,7.05,116.67
Brock Stewart,435,92.97,99.7,2441.56,9.31,-2.04,5.49,6.24,127.44
Bruce Zimmermann,214,85.62,92.3,2300.8,2.35,6.08,6.06,6.16,101.14
Bryan Abreu,1205,91.63,100.9,2697.27,4.7,2.23,5.69,6.51,141.15
Bryan Baker,782,90.64,98.1,2224.44,13.19,-1.51,6.6,6.54,129.09
Bryan Shaw,773,89.8,97.6,2375.87,3.76,3.96,6.05,5.83,99.83
Bryan Woo,1444,92.7,98.4,2169.93,9.88,-6.46,4.95,6.86,164.99
Bryce Jarvis,370,90.04,97.5,2193.45,6.82,-3.76,5.68,5.85,101.21
Bryce Miller,2090,91.61,98.0,2480.62,11.87,-2.26,5.64,6.25,121.01
Cal Quantrill,1707,89.46,95.9,2007.01,9.17,-6.87,6.31,6.48,112.56
Caleb Thielbar,481,86.06,95.4,2365.32,6.59,-3.29,6.04,6.32,106.5
Calvin Faucher,512,90.42,97.3,2636.36,5.01,3.19,6.06,5.71,145.49
Camilo Doval,1126,95.3,103.2,2463.61,6.16,-5.36,5.34,6.65,131.14
Carlos Estévez,1120,94.29,100.0,2155.53,12.67,-5.02,5.78,6.35,122.79
Carlos Hernández,1233,94.08,102.6,2223.11,10.78,-6.11,6.04,6.64,137.28
Carlos Rodón,1127,91.04,99.8,2364.35,9.8,1.65,6.43,6.27,112.14
Carson Fulmer,157,87.83,94.0,2024.26,4.8,-7.86,5.89,6.26,95.91
Chad Green,195,91.18,97.1,2444.87,10.39,-1.77,6.04,6.69,128.39
Chad Smith,243,90.64,97.2,2149.18,5.7,-10.09,5.49,6.04,104.25
Chase Silseth,869,89.89,98.8,2274.78,5.91,-1.7,6.04,5.92,102.02
Chasen Shreve,686,85.45,92.0,1733.77,7.89,7.43,5.54,6.36,106.39
Chris Bassitt,3123,85.59,96.0,2134.41,4.52,-4.14,5.63,6.31,100.74
Chris Devenski,672,85.97,96.5,1925.34,7.58,-9.51,6.46,6.34,137.01
Chris Flexen,725,87.1,94.1,2086.78,10.75,0.93,6.81,6.31,102.61
Chris Martin,721,93.06,98.1,2096.79,9.65,-4.9,6.05,6.54,108.21
Chris Murphy,861,87.41,96.7,2287.54,6.08,-1.41,5.37,6.36,116.53
Chris Sale,1668,86.81,99.0,2181.16,3.76,5.72,5.23,6.37,101.27
Chris Stratton,479,89.32,95.3,2663.75,7.75,-0.51,5.85,6.61,115.01
Cionel Pérez,874,91.92,99.1,2337.37,4.63,2.98,5.47,5.97,106.35
Clarke Schmidt,2704,88.9,96.8,2772.38,3.65,4.04,5.57,6.33,142.65
Clay Holmes,1022,93.1,99.1,2274.9,1.14,-8.62,6.56,5.94,229.7
Cody Bradford,974,87.26,93.1,2043.91,14.47,8.12,6.03,7.35,133.05
Cody Morris,165,89.29,97.1,2302.76,8.0,-1.38,6.11,6.41,110.37
Cole Irvin,1267,87.24,95.3,1950.7,8.34,6.23,6.2,6.35,93.16
Cole Ragans,1571,90.69,101.0,2394.34,8.46,7.48,6.26,6.12,113.1
Cole Sands,413,88.94,95.9,2191.24,5.17,-5.81,5.61,5.73,114.07
Colin Poche,927,89.72,94.6,2318.5,14.56,-2.56,6.32,7.14,140.07
Collin Snider,366,90.8,98.1,2585.28,2.63,-1.39,5.11,6.12,146.14
Colten Brewer,104,88.65,95.3,2592.47,1.59,5.79,6.13,6.43,115.11
Cooper Criswell,552,83.11,91.1,2185.56,2.8,-1.69,5.13,6.85,155.48
Corey Kluber,966,84.46,90.4,2306.04,6.24,-1.25,5.03,6.48,124.74
Cristian Javier,2857,87.21,95.4,2400.8,11.14,1.22,5.72,5.99,121.6
DL Hall,371,91.05,99.0,2254.07,9.36,4.52,5.36,6.93,145.39
Dallas Keuchel,658,83.64,89.1,2038.57,4.94,7.72,6.17,5.98,106.02
Dane Dunning,2689,87.01,93.9,2118.01,4.7,-6.09,5.45,6.79,102.18
Daniel Lynch IV,807,88.26,95.4,2014.89,10.79,4.68,5.91,6.99,116.77
Daniel Norris,257,85.13,93.6,1949.76,7.5,6.3,5.52,6.12,109.92
Danny Coulombe,817,85.85,93.6,2546.66,1.73,-1.97,6.03,5.71,103.11
Dany Jiménez,402,85.92,95.8,2225.34,7.19,-1.94,6.45,5.63,116.44
Darren McCaughan,112,83.67,91.6,2234.91,7.28,0.06,5.03,6.74,140.84
Davis Daniel,218,87.32,95.6,2172.09,8.2,0.03,5.67,6.54,108.02
Dean Kremer,2919,89.83,97.5,2271.31,9.33,-5.54,5.85,6.27,111.38
Declan Cronin,193,89.6,96.9,2635.45,-0.19,0.24,5.2,6.14,143.15
Deivi García,289,89.37,97.3,2301.0,9.15,-5.24,5.47,6.52,130.82
Devin Sweet,166,87.44,95.0,2170.09,11.77,-5.1,6.0,6.49,112.8
Diego Castillo,157,88.89,95.9,2063.23,5.39,-5.95,5.64,5.58,104.27
Domingo Acevedo,173,88.45,95.2,2031.4,9.3,-11.62,5.77,5.78,96.3
Domingo Germán,1646,87.08,94.9,2538.84,8.08,-7.95,5.54,6.07,122.22
Domingo Tapia,317,95.33,100.2,2182.44,11.99,-11.67,5.79,6.01,118.5
Dominic Leone,412,91.63,98.1,2427.95,6.82,0.14,5.76,6.49,119.3
Drew Carlton,329,89.45,94.4,2115.19,8.86,-10.95,5.38,6.11,95.91
Drew Rasmussen,667,90.09,97.9,2618.58,5.09,2.04,5.94,6.55,146.65
Drew Rucinski,350,86.43,91.7,1995.8,6.91,-4.67,5.62,6.67,89.11
Drey Jameson,673,91.75,99.6,2240.8,5.94,-5.75,5.59,5.71,116.52
Dylan Cease,3260,89.0,98.6,2618.77,6.95,-0.07,6.16,6.3,122.05
Dylan Coleman,381,88.73,98.1,2446.84,7.82,6.44,5.77,6.66,113.38
Dylan Floro,300,89.37,93.8,2048.24,8.02,-10.04,5.97,6.49,107.33
Easton Lucas,148,89.65,95.5,2079.46,10.78,0.71,5.96,6.51,91.82
Edgar Navarro,150,89.03,95.5,2325.85,1.38,-6.14,5.47,6.52,107.61
Eduard Bazardo,270,88.65,96.6,2265.87,5.79,1.86,5.86,6.01,100.42
Eduardo Rodriguez,2362,89.8,95.5,2108.73,10.73,6.53,5.81,6.28,92.87
Eli Morgan,1189,86.14,95.1,2183.8,9.58,-7.73,5.68,6.59,137.8
Emerson Hancock,194,89.95,95.2,2216.32,8.47,-10.82,5.42,6.31,87.27
Emilio Pagán,1060,91.77,98.4,2391.61,12.22,-4.23,5.6,6.78,138.58
Emmanuel Clase,1115,96.53,102.8,2620.35,7.12,5.08,6.03,6.51,127.51
Enyel De Los Santos,1047,91.4,98.6,2208.13,8.73,-7.77,5.42,6.25,98.31
Erasmo Ramírez,546,87.33,94.2,2249.15,8.21,-4.17,5.37,6.44,96.18
Erik Swanson,1057,88.35,96.5,1754.14,10.41,-8.54,6.04,6.7,106.17
Framber Valdez,2920,89.57,98.4,2319.1,1.72,7.37,6.18,5.9,122.39
Francisco Pérez,308,87.39,94.9,2127.27,8.96,5.32,6.31,6.01,94.45
Freddy Tarnok,287,90.17,97.7,2331.08,10.06,-2.55,6.61,5.85,114.83
Félix Bautista,976,96.19,103.4,2044.38,16.35,-6.25,6.93,6.63,149.14
Gabe Speier,782,91.26,97.6,2084.51,5.89,9.34,5.4,5.96,101.4
Garrett Acton,124,92.09,97.5,2380.86,14.54,-7.08,6.1,5.99,131.51
Garrett Cleavinger,209,88.46,97.8,2547.58,3.38,0.96,5.26,6.16,124.55
Garrett Crochet,291,92.48,99.0,2299.49,10.83,0.85,6.12,7.15,125.62
Garrett Hill,308,89.47,97.1,2249.41,8.22,-6.03,5.21,6.36,121.23
Garrett Whitlock,1194,87.96,97.4,2096.48,6.79,-10.03,5.72,7.52,152.58
Gavin Williams,1386,89.57,99.3,2217.96,6.89,-3.83,5.88,7.39,132.5
George Kirby,2812,91.6,99.7,2154.64,6.39,-4.36,5.87,6.45,106.95
Gerardo Reyes,214,92.04,98.8,2328.02,10.7,-3.45,5.42,5.81,134.88
Gerrit Cole,3279,92.62,99.9,2431.78,9.42,-3.05,5.92,6.29,120.15
Glenn Otto,192,86.02,95.8,2428.44,5.72,6.81,5.98,6.82,110.21
Grant Anderson,597,88.82,95.4,2270.34,5.68,-6.88,4.31,6.66,117.01
Grayson Rodriguez,2104,90.35,101.0,2223.17,8.5,-5.97,5.78,7.13,137.96
Greg Weissert,346,89.61,96.7,2333.7,6.7,-3.39,4.94,6.27,126.22
Gregory Santos,1043,94.78,103.1,2454.52,4.06,-2.43,5.89,6.61,163.11
Griffin Canning,2068,90.16,97.3,2279.52,4.54,-4.53,5.82,5.96,114.05
Griffin Jax,1044,90.76,98.4,2635.82,3.35,2.61,5.5,6.33,122.94
Génesis Cabrera,365,92.46,98.6,2232.16,10.49,6.12,5.92,5.99,107.81
Hector Neris,1078,89.84,95.0,2042.55,11.36,-9.33,6.04,6.15,102.91
Hogan Harris,1108,87.4,96.3,2224.69,10.17,6.98,5.99,6.34,109.08
Hunter Brown,2717,91.19,99.0,2236.69,6.01,-1.32,6.17,6.68,109.3
Hunter Gaddis,685,87.29,95.8,2197.73,9.07,-2.55,6.12,6.72,104.92
Hyun Jin Ryu,830,82.1,91.1,1980.58,5.56,6.18,5.84,6.6,92.51
Ian Hamilton,970,91.71,98.3,1847.41,7.44,-5.24,6.07,5.99,106.69
Ian Kennedy,313,89.28,94.5,1883.53,13.6,-7.62,5.35,6.62,113.28
Isaiah Campbell,477,89.83,97.4,2597.68,7.82,2.04,6.49,6.38,112.04
J.P. France,2199,86.65,96.1,2420.88,6.6,1.0,5.52,6.25,117.98
JP Sears,2861,87.69,96.3,2188.08,10.0,5.75,4.76,6.53,129.85
Jack Flaherty,676,87.89,97.2,2373.95,5.71,2.39,5.35,6.75,117.26
Jackson Kowar,568,90.38,99.4,2192.71,6.54,-9.52,5.85,6.23,109.0
Jacob Lopez,193,86.27,92.7,2045.39,5.78,9.05,5.17,6.83,113.23
Jacob Webb,922,89.83,96.8,2400.16,11.12,-5.69,5.48,6.39,127.03
Jacob deGrom,451,95.22,101.2,2510.68,10.85,-3.9,5.64,6.74,156.1
Jaime Barria,1329,88.17,96.2,2104.35,10.17,-1.31,6.44,6.21,102.34
Jake Diekman,968,91.93,98.5,2253.97,8.18,11.2,5.46,6.45,145.22
Jakob Junis,1361,87.05,96.8,2276.69,2.36,3.44,5.82,5.98,106.05
Jalen Beeks,730,91.15,96.8,2026.37,10.71,9.93,6.01,6.5,125.22
James Kaprielian,1090,87.01,94.7,2064.38,8.48,-2.91,5.91,6.07,104.13
James Karinchak,732,89.56,97.3,2283.41,7.73,-2.82,6.63,5.98,143.05
James McArthur,339,87.56,96.8,2485.64,-2.31,0.46,5.72,6.75,134.33
James Paxton,1689,90.22,98.2,2101.99,7.97,7.33,6.08,6.75,108.22
Jason Adam,902,88.0,97.8,2517.03,6.53,-2.0,5.81,6.6,118.41
Jason Foley,1047,95.04,100.3,2004.91,4.97,-13.41,5.68,6.77,131.99
Javy Guerra,199,94.97,99.8,2278.75,10.59,-9.32,5.39,6.15,129.95
Jay Jackson,442,88.13,95.1,2269.42,8.14,-0.91,5.6,6.32,103.37
Jeffrey Springs,211,85.44,93.3,1975.45,10.24,5.89,5.93,6.53,111.38
Jesse Scholtens,1447,86.72,96.1,2156.95,6.02,1.93,6.07,6.92,115.21
Jeurys Familia,248,91.07,96.3,2104.41,5.2,-9.5,6.11,5.91,110.87
Jhoan Duran,1016,96.95,104.8,2160.62,4.49,-7.11,6.07,6.53,155.28
Jhonathan Diaz,160,84.87,92.2,2271.47,5.58,2.74,5.44,6.48,102.54
Jhony Brito,1442,90.76,98.5,2001.75,7.41,-9.89,6.11,6.24,112.45
Jimmy Cordero,512,94.28,100.1,2222.64,8.53,-9.2,6.17,7.23,150.19
Jimmy Herget,505,83.79,94.2,2560.4,3.68,2.19,4.99,5.04,123.12
Jimmy Lambert,675,87.77,96.8,2315.15,5.95,-3.02,6.2,5.83,105.64
Joe Barlow,147,88.37,95.1,2381.26,11.14,0.91,5.78,6.16,112.75
Joe Boyle,240,93.1,100.3,2469.35,8.18,-1.06,6.33,6.63,121.0
Joe Jacques,432,86.21,93.7,1978.87,-1.1,5.84,4.39,6.36,113.07
Joe Kelly,538,94.02,101.3,2507.49,3.28,-7.11,5.4,6.14,143.1
Joe Mantiply,570,85.15,92.0,2139.38,-0.14,9.64,5.2,6.48,117.9
Joe Musgrove,1549,87.41,96.3,2600.7,1.33,1.99,6.38,6.13,107.06
Joe Ryan,2674,88.11,96.0,2045.14,9.19,-7.4,5.0,6.5,113.55
Joel Kuhnel,137,91.49,96.6,2127.0,7.42,-8.93,5.82,7.08,123.87
Joely Rodríguez,215,88.47,93.5,1594.65,3.62,12.95,5.42,6.49,137.42
Joey Estes,165,87.55,95.4,2283.56,9.68,-4.69,5.99,5.95,92.16
Joey Wentz,1926,87.56,96.2,2279.87,7.96,6.14,6.04,6.44,100.27
John Brebbia,649,88.2,97.5,2498.06,8.36,1.03,5.88,6.79,109.5
John King,266,89.32,95.6,1954.4,1.08,14.16,5.36,6.12,118.38
John Means,339,85.77,94.2,2282.51,15.13,5.56,6.47,6.32,111.48
John Schreiber,819,88.05,95.4,2320.45,3.34,-1.73,4.01,6.65,138.23
Jon Gray,2391,90.44,98.1,2132.04,7.07,-3.24,5.56,6.56,104.73
Jonathan Heasley,221,87.93,98.2,2355.6,5.19,-0.74,5.93,6.24,96.4
Jonathan Hernández,552,92.34,99.8,2292.68,4.08,-8.07,5.39,6.44,133.86
Jonathan Loáisiga,235,95.39,99.9,2322.89,9.11,-13.3,5.57,6.54,138.46
Jordan Balazovic,392,89.55,97.5,2019.98,6.72,-2.49,6.0,6.37,110.17
Jordan Hicks,356,97.02,103.2,2220.8,7.69,-10.64,5.82,6.56,128.9
Jordan Lyles,2783,85.88,94.0,2274.37,5.99,-0.34,5.93,6.82,99.88
Jordan Montgomery,993,87.81,95.5,2095.3,8.12,8.07,6.73,6.57,112.13
Jordan Romano,911,91.37,99.9,2246.61,6.66,0.53,5.94,7.47,151.16
Jorge Alcala,315,90.94,99.3,2379.72,9.72,-6.37,6.58,5.82,113.19
Jorge López,712,91.61,99.6,2150.39,3.75,-6.46,5.75,6.31,113.04
Jose Cuas,739,89.02,94.7,2476.56,1.45,-9.7,4.06,6.36,119.23
Josh Fleming,752,85.11,93.6,1842.43,0.57,8.87,5.25,6.54,133.3
Josh Hader,1020,93.44,98.4,2178.6,14.59,5.48,5.55,6.78,188.76
Josh Sborz,833,90.72,99.2,2219.29,4.58,1.16,6.24,6.1,127.12
Josh Staumont,359,90.73,99.5,2412.85,7.04,0.48,6.32,6.64,118.48
Josh Taylor,341,88.35,94.7,2217.68,6.74,-1.87,5.86,6.87,109.72
Josh Winckowski,1380,91.66,99.0,2134.08,4.33,-3.72,5.99,6.6,116.04
Josh Winder,557,88.47,96.6,1921.71,4.83,-4.62,5.96,6.16,93.54
José Berríos,2932,88.8,97.4,2090.28,6.33,-4.78,5.63,6.52,105.94
José Cisnero,986,92.03,98.3,2342.59,7.95,-7.17,5.35,6.1,124.78
José De León,282,89.07,96.1,2123.68,9.7,-7.13,4.88,6.69,151.8
José Leclerc,972,89.51,98.8,2469.45,11.39,-0.3,5.98,5.6,127.53
José Marte,173,92.95,97.3,2177.33,8.89,-10.35,5.57,6.9,118.94
José Quijada,156,93.18,97.5,2143.55,14.08,6.41,5.2,6.69,143.78
José Ruiz,815,91.76,98.4,2121.27,7.53,-6.11,6.26,6.0,113.7
José Soriano,666,92.76,100.9,2091.28,0.68,-2.72,5.95,6.54,161.89
José Suarez,612,86.54,94.9,2183.51,10.11,5.66,5.42,6.1,105.96
José Ureña,408,90.48,97.9,2083.8,9.87,-11.49,5.84,6.49,106.21
José Urquidy,1093,87.75,96.5,2334.41,10.22,-4.51,6.09,5.95,102.4
Jovani Moran,748,87.69,96.1,2020.39,12.06,7.47,5.75,6.71,116.45
Juan Then,163,91.41,96.3,2183.94,4.83,-12.31,5.26,6.4,111.67
Justin Garza,352,90.27,96.8,2163.2,9.73,-4.34,5.49,6.03,143.87
Justin Martinez,236,95.98,102.7,1950.32,10.31,-8.75,6.24,6.44,112.29
Justin Topa,1042,90.34,97.6,2267.94,2.07,-5.34,4.9,6.05,116.8
Justin Verlander,1041,88.65,97.0,2463.33,8.33,-2.53,7.01,5.92,105.38
Kaleb Ort,383,92.85,99.4,2336.1,12.96,-3.97,5.42,6.28,137.85
Keaton Winn,585,91.51,99.1,1851.03,4.19,-12.18,6.18,6.21,116.05
Keegan Akin,451,90.44,96.3,2229.5,12.07,8.86,5.91,5.83,112.53
Ken Waldichuk,2549,88.14,97.3,2124.53,9.16,4.39,5.47,6.95,111.07
Kendall Graveman,1101,92.58,98.5,2306.71,8.5,-8.14,5.77,6.46,123.69
Kenley Jansen,719,93.16,98.7,2569.68,15.42,1.14,6.21,6.83,136.42
Kenny Rosenberg,543,85.08,93.6,1974.8,11.23,6.78,6.03,5.63,95.37
Kenta Maeda,1696,85.34,93.7,2108.77,5.17,-3.55,5.76,6.1,99.04
Kevin Gausman,3057,90.28,99.3,2085.5,10.92,-11.5,5.73,6.58,127.45
Kevin Ginkel,1053,91.71,98.0,2392.76,7.02,-4.79,6.43,6.85,114.16
Kevin Kelly,1063,84.39,93.9,2315.05,3.45,-0.25,3.74,7.28,198.99
Keynan Middleton,855,89.19,98.2,2172.89,8.19,-7.12,5.82,6.78,114.82
Kirby Snead,191,87.98,94.3,2506.26,3.44,6.98,5.27,6.23,102.3
Kody Funderburk,192,89.57,95.5,2337.56,6.35,-0.61,6.14,6.75,115.64
Kolton Ingram,100,87.17,94.0,2508.75,5.68,-4.44,5.07,6.75,127.02
Kris Bubic,235,86.07,95.8,2139.4,6.64,4.18,5.57,6.9,106.81
Kutter Crawford,2092,88.21,97.0,2301.22,9.47,-0.96,5.95,6.2,110.32
Kyle Barraclough,156,86.06,93.4,2269.11,8.39,0.07,5.59,6.55,92.4
Kyle Bradish,2630,90.59,97.9,2389.59,3.57,2.19,6.27,6.44,105.46
Kyle Gibson,3022,87.56,95.1,2190.36,6.41,-4.18,6.26,6.88,115.21
Kyle Harrison,588,89.68,97.6,2148.64,7.95,7.27,5.03,6.65,109.1
Kyle Muller,1452,89.63,98.0,2251.33,6.88,3.3,6.08,6.44,95.52
Kyle Nelson,870,87.81,94.6,2521.05,6.49,-1.73,5.62,6.01,106.22
Lance Lynn,2094,89.31,95.4,2411.2,7.82,-1.62,5.57,6.57,130.8
Lane Ramsey,340,90.47,97.1,2428.36,11.11,-2.95,6.09,6.83,117.19
Logan Allen,2121,86.11,93.8,1919.92,8.25,-1.6,5.23,6.5,112.25
Logan Gilbert,2913,90.04,98.3,1883.61,6.16,-2.48,6.2,7.37,131.0
Logan Gillaspie,190,89.58,97.7,2123.45,7.0,-3.18,5.93,6.35,116.17
Logan Webb,3145,88.61,95.2,1854.88,-1.1,-7.88,5.02,6.96,148.43
Louie Varland,1074,90.82,100.4,2219.6,9.61,-2.4,5.46,6.92,126.82
Lucas Erceg,1049,94.2,100.6,1961.88,9.04,-10.77,6.15,6.71,134.01
Lucas Giolito,3183,86.85,96.7,1943.39,10.64,-5.37,6.33,6.8,106.33
Luis Castillo,3171,92.61,99.2,2206.19,7.12,-11.18,5.09,5.56,131.24
Luis Frías,538,91.82,98.9,2187.87,8.92,-0.17,6.39,6.23,111.4
Luis Garcia,464,86.03,95.8,2386.31,8.95,0.28,6.37,6.06,106.73
Luis García,1010,90.99,100.5,2219.65,7.63,-3.58,6.17,6.7,124.6
Luis Medina,1882,90.71,100.2,2241.48,7.72,-4.36,6.2,6.41,117.91
Luis Patiño,383,90.91,96.9,2205.23,9.5,-5.79,5.98,6.82,113.05
Luis Severino,1630,91.56,100.2,2226.16,9.52,-3.65,6.05,6.27,107.68
Luke Jackson,524,89.1,96.7,2190.58,1.26,-1.72,6.4,6.78,103.78
Luke Weaver,463,90.42,96.9,2262.82,11.47,-4.59,5.73,5.85,101.21
Madison Bumgarner,350,85.28,91.4,2135.09,7.7,1.0,5.67,6.64,85.43
Marco Gonzales,808,83.62,91.3,2112.83,5.64,9.9,5.41,6.45,88.28
Martín Pérez,2213,88.55,95.1,1959.91,9.67,11.73,5.6,5.93,95.42
Mason Englert,958,85.94,93.5,2136.84,5.22,-7.09,5.63,6.22,103.85
Mason Miller,607,94.27,102.5,2335.77,10.83,-2.64,6.2,6.63,139.03
Matt Brash,1292,92.07,100.8,2628.35,6.13,3.52,5.11,6.5,144.9
Matt Festa,195,87.81,94.5,2471.35,8.51,6.28,4.96,6.4,115.71
Matt Gage,119,89.82,96.2,2201.84,8.89,-2.87,6.51,6.36,110.53
Matt Manning,1180,87.15,97.9,2168.52,8.66,2.62,5.45,6.95,127.73
Matt Moore,761,89.0,96.5,2231.03,9.16,9.55,6.33,6.29,108.62
Matt Waldron,672,84.9,95.4,1631.04,6.15,-3.43,5.52,6.53,93.48
Matthew Boyd,1178,84.63,94.8,2370.5,6.05,5.3,5.31,6.38,105.09
Mauricio Llovera,621,90.4,97.4,2252.6,5.04,-5.02,5.35,6.24,105.28
Max Castillo,340,88.66,95.3,2097.95,8.61,-8.05,5.86,6.8,110.88
Max Scherzer,715,88.05,96.1,2209.04,7.63,-4.15,5.49,6.23,125.05
Merrill Kelly,2798,89.67,95.9,2304.39,6.7,-6.88,5.51,6.2,101.02
Michael Kelly,272,87.61,97.1,2551.87,2.36,8.52,5.99,6.1,97.78
Michael King,1672,89.6,98.2,2444.12,7.08,-4.17,5.65,6.33,116.23
Michael Kopech,2422,91.31,99.9,2400.33,10.89,-4.9,5.68,6.78,130.51
Michael Lorenzen,1586,89.05,97.5,2419.28,8.49,-7.65,5.68,5.85,115.42
Michael Wacha,2218,85.78,95.7,1856.7,10.68,-7.42,6.58,6.68,105.67
Miguel Castro,1003,90.58,99.2,2373.39,3.03,-5.79,5.0,6.77,139.81
Miguel Díaz,208,90.46,97.2,2177.68,6.57,-8.52,5.82,5.79,104.51
Mike Baumann,1068,92.97,99.3,2267.84,8.66,-3.86,6.09,6.61,123.67
Mike Clevinger,2098,88.15,97.6,2201.49,8.95,-1.0,5.78,6.73,112.2
Mike Mayers,454,87.71,95.5,2153.96,6.33,-3.47,5.59,6.3,99.44
Mitch White,253,89.31,96.2,2259.47,6.51,0.52,6.0,6.26,98.25
Nabil Crismatt,261,81.67,91.6,1943.84,2.66,-6.42,5.57,7.03,112.22
Nate Pearson,736,92.87,101.9,2408.02,9.19,-1.22,5.58,6.87,157.32
Nathan Eovaldi,2214,89.28,99.1,2020.72,6.18,-6.73,5.52,6.86,116.65
Nestor Cortes,1066,87.61,95.6,2331.76,12.88,-1.26,5.72,5.89,107.7
Nicholas Padilla,100,87.16,95.0,2410.51,-1.38,6.07,5.73,6.06,102.42
Nick Martinez,1751,86.75,96.1,2298.02,6.01,-7.27,6.15,5.97,108.7
Nick Pivetta,2382,88.87,97.4,2471.61,6.93,1.79,6.59,6.85,127.69
Nick Ramirez,654,83.53,92.2,2033.0,3.32,6.87,5.88,5.79,110.92
Nick Robertson,198,91.23,97.7,2213.2,10.72,-2.81,5.76,7.07,133.83
Nick Sandlin,998,85.43,94.6,2393.18,6.7,-1.89,4.18,6.52,117.26
Nick Vespi,202,85.67,91.3,2364.48,1.98,-6.53,6.23,5.81,105.18
Nick Wittgren,471,87.27,94.2,2201.63,7.3,-0.9,5.74,6.94,111.08
Noah Syndergaard,524,87.55,95.2,2050.38,8.24,-4.59,6.32,6.57,94.77
Oliver Ortega,239,88.21,97.2,2365.88,4.61,-0.87,5.7,5.98,101.19
Pablo López,3011,89.68,97.9,2303.89,5.71,-2.77,5.52,7.16,132.69
Parker Mushinski,255,86.43,94.1,2579.89,1.89,-6.95,5.63,6.6,137.37
Patrick Sandoval,2591,87.12,97.7,2129.74,8.18,3.51,6.12,6.16,107.03
Paul Blackburn,1873,87.09,94.7,2250.24,3.82,-0.93,5.95,6.36,96.82
Paul Sewald,1026,88.6,94.9,2496.79,11.73,-1.25,4.42,6.6,156.86
Pedro Avila,895,87.79,97.4,2189.54,4.08,-3.67,5.59,6.39,108.71
Penn Murfee,210,82.37,89.7,2432.46,2.67,9.12,4.22,6.34,95.92
Pete Fairbanks,732,92.8,101.3,2477.88,5.96,1.85,6.87,6.61,136.46
Peter Solomon,236,89.25,95.6,2208.3,7.6,-0.81,6.33,6.38,101.21
Peyton Battenfield,550,87.94,93.3,2343.81,10.79,-0.32,6.78,6.3,122.02
Phil Maton,1033,80.63,91.5,2823.23,-0.02,12.85,5.38,7.16,161.08
Rafael Montero,1251,93.88,98.3,2261.18,10.78,-9.72,5.05,6.34,134.12
Randy Vásquez,669,89.21,97.2,2526.88,7.8,-3.33,5.8,6.23,120.82
Ray Kerr,427,89.83,98.9,2058.49,6.53,5.37,5.64,6.1,117.46
Reese Olson,1708,89.74,97.2,2467.93,4.29,-4.84,5.94,5.93,109.92
Reid Detmers,2591,88.2,97.7,2123.54,5.15,2.71,6.07,5.89,89.95
Reiss Knehr,122,88.51,96.7,2131.96,6.68,-2.07,5.38,6.84,117.9
Reynaldo López,1203,94.5,101.2,2215.73,11.53,-4.63,5.79,6.48,127.25
Rich Hill,484,81.38,91.2,2355.27,4.6,-4.84,5.57,6.33,92.0
Richard Bleier,455,85.68,90.4,1922.23,3.59,5.33,5.83,6.73,123.91
Richard Lovelady,370,88.5,93.5,2336.21,7.14,3.45,5.37,7.33,139.09
Rico Garcia,184,90.7,97.5,2357.42,11.52,-7.48,5.89,5.9,130.24
Robert Stephenson,521,90.1,98.3,2615.36,6.36,-4.52,6.0,5.97,138.22
Robert Suarez,449,94.37,100.9,2146.48,12.97,-11.08,6.09,6.78,125.72
Ron Marinaccio,890,88.33,96.2,2164.69,9.88,-11.1,5.42,6.6,120.27
Ronel Blanco,905,90.2,97.3,2133.47,12.18,-2.95,5.99,6.78,114.99
Ross Stripling,1429,86.89,95.6,2087.07,9.04,-2.48,6.94,6.07,91.69
Ryan Brasier,367,91.12,97.3,2370.74,10.12,-3.24,5.64,6.9,119.89
Ryan Pressly,1008,89.03,97.7,2773.24,2.58,4.3,5.97,6.2,147.52
Ryan Sherriff,104,84.43,91.7,2268.19,-0.27,4.14,4.63,6.26,122.6
Ryan Tepera,183,87.02,95.1,2290.21,8.0,-0.42,5.67,6.37,95.34
Ryan Thompson,443,86.27,92.6,2077.76,-1.4,-3.2,3.75,6.58,113.79
Ryan Walker,1065,88.94,98.0,2388.13,2.01,0.2,5.3,6.1,135.06
Ryan Weathers,795,90.19,98.4,2098.8,11.0,7.14,5.81,5.82,99.56
Ryan Weber,182,83.25,89.4,2134.6,-2.2,-7.27,5.01,5.45,101.32
Ryan Yarbrough,779,80.39,90.8,1998.17,7.57,3.83,5.3,6.4,104.46
Ryne Nelson,2351,89.07,98.8,2200.29,10.46,-1.48,5.98,6.63,117.78
Ryne Stanek,857,94.86,100.5,2139.48,12.51,-7.86,6.41,5.99,131.9
Sam Bachman,296,91.36,99.5,2283.83,4.74,-5.99,5.45,6.31,113.82
Sam Hentges,845,88.81,98.0,2213.42,1.67,1.06,6.4,6.93,109.18
Sam Long,776,87.22,96.9,2314.17,4.95,2.42,6.03,6.11,104.63
Sam Moll,634,88.98,96.7,2680.99,2.82,1.19,5.09,4.8,131.65
Sammy Peralta,379,83.62,92.7,2126.52,3.57,6.88,4.6,6.86,108.8
Sawyer Gipson-Long,336,87.81,95.6,2092.55,2.98,-5.17,5.18,7.45,141.24
Scott Alexander,683,90.61,95.3,2215.61,2.56,10.62,5.73,6.22,114.41
Scott Barlow,1195,84.47,96.3,2504.24,0.22,7.21,5.22,7.02,134.88
Scott McGough,1225,89.79,96.3,1899.67,12.15,-6.35,6.01,5.75,103.89
Sean Hjelle,504,90.57,97.8,1999.57,1.27,-8.68,6.45,6.5,171.12
Sean Manaea,2023,89.47,97.2,1958.45,7.59,9.23,5.67,7.08,104.56
Sean Newcomb,280,88.23,95.7,2449.89,4.92,-0.77,6.24,5.71,101.98
Seth Lugo,2359,87.72,96.8,2578.37,3.25,-1.02,5.62,5.99,114.05
Seth Martinez,762,86.99,92.9,2146.2,7.58,-5.17,4.62,7.04,123.72
Shane Bieber,1951,87.3,93.5,2342.65,6.88,-0.93,5.64,6.77,117.11
Shane McClanahan,1817,90.82,100.6,2128.59,8.26,7.28,6.13,6.98,128.45
Shawn Armstrong,796,92.69,97.4,2394.15,10.8,-4.2,5.73,6.62,111.09
Shawn Dubin,172,90.19,96.9,2400.76,6.16,-2.31,5.82,6.48,111.0
Shintaro Fujinami,1394,94.62,102.6,1865.22,9.05,-7.49,5.54,6.81,142.44
Shohei Ohtani,2077,89.44,101.2,2293.52,6.66,3.95,5.69,6.87,132.7
Slade Cecconi,417,88.45,97.5,2300.31,6.66,-5.91,5.68,6.38,94.87
Sonny Gray,2781,87.85,94.9,2544.34,1.7,3.65,5.51,6.5,114.94
Spencer Patton,205,86.82,92.8,1986.41,8.05,1.13,5.04,6.33,85.97
Spencer Turnbull,555,89.37,95.8,2368.77,4.65,-2.81,5.51,6.39,107.68
Steven Cruz,244,95.05,101.3,2166.44,11.08,-6.54,5.3,7.01,152.9
Steven Wilson,938,86.08,97.3,2511.65,11.65,4.41,5.4,6.86,134.21
Taj Bradley,1817,90.53,99.4,2209.44,8.03,-1.25,6.11,6.45,123.65
Tanner Banks,1005,87.89,95.4,2222.99,8.67,-0.48,6.3,6.03,110.87
Tanner Bibee,2323,88.77,99.0,2431.07,8.65,-0.61,6.37,6.53,108.71
Tanner Houck,1708,88.85,96.4,2297.32,0.6,-2.93,5.3,6.41,130.72
Tarik Skubal,1217,89.96,99.2,2007.11,8.56,6.62,6.15,6.25,99.82
Tayler Saucedo,786,87.26,94.7,2315.46,2.25,9.35,5.3,6.75,128.47
Tayler Scott,226,89.01,95.7,2374.89,2.22,-2.85,4.88,5.79,122.47
Taylor Clarke,1063,89.57,96.6,2169.62,7.39,-0.06,6.08,6.25,102.11
Taylor Hearn,288,91.49,97.8,2141.41,9.78,4.94,6.43,6.26,115.47
Taylor Rogers,806,85.48,96.0,2465.67,3.23,-1.74,5.66,5.76,98.3
Thomas Hatch,132,89.88,96.6,2407.17,8.13,-3.07,5.79,6.36,111.8
Tim Herrin,500,91.49,98.8,2355.02,6.3,0.68,5.52,6.68,123.27
Tim Hill,713,89.21,93.2,2128.66,0.28,15.9,3.17,6.89,89.2
Tim Mayza,787,91.69,96.5,2110.77,6.03,12.0,6.32,6.51,117.56
Tom Cosgrove,834,83.46,94.4,2469.79,5.65,-4.73,4.73,5.99,109.03
Tommy Henry,1386,86.24,93.5,2043.72,6.67,3.23,5.67,6.68,89.9
Tommy Kahnle,684,90.11,98.2,1533.23,5.02,-11.21,5.71,6.67,115.01
Tommy Milone,163,81.45,87.9,2033.2,11.23,6.9,6.07,6.07,110.77
Touki Toussaint,1589,87.05,96.0,2170.26,2.0,-4.73,5.7,7.03,120.42
Trent Thornton,457,86.94,96.4,2705.81,5.02,5.59,5.26,6.33,117.53
Trevor Gott,474,90.59,95.7,2084.14,8.85,-5.56,5.3,5.96,103.16
Trevor Kelley,272,83.27,91.5,2308.41,4.92,-4.7,3.52,6.58,147.79
Trevor May,776,89.27,97.5,2202.69,8.48,-3.47,5.7,7.05,122.97
Trevor Richards,1350,86.98,94.9,2441.58,10.53,-12.13,6.27,6.26,146.22
Trevor Stephan,1127,90.28,97.0,2200.97,9.17,-4.75,5.8,6.58,115.42
Trey Wingenter,309,90.02,98.2,2016.38,6.1,-3.71,5.58,7.02,120.28
Tristan Beck,1285,88.39,98.3,2341.19,5.72,3.06,6.05,6.79,111.22
Triston McKenzie,300,88.67,95.7,2234.57,12.63,0.13,6.44,6.79,107.16
Tucker Davidson,843,86.51,94.3,2073.54,5.77,-3.08,6.1,6.57,95.84
Ty Adcock,207,90.93,98.4,2114.17,7.01,-0.06,6.06,6.38,101.93
Tyler Alexander,679,86.69,92.1,2188.0,11.12,5.08,5.68,6.33,104.1
Tyler Anderson,2427,85.37,94.8,2148.49,13.74,6.44,6.28,6.23,102.1
Tyler Gilbert,263,88.62,94.2,2234.81,6.56,2.51,5.65,6.1,94.18
Tyler Glasnow,1893,91.53,99.1,2596.05,5.06,0.53,6.05,7.42,156.86
Tyler Holton,1191,86.98,94.2,2137.28,8.25,3.27,5.86,6.71,103.69
Tyler Mahle,409,88.67,95.4,2288.24,11.37,-5.64,5.46,6.76,119.04
Tyler Rogers,1103,78.04,85.7,2121.0,1.59,4.94,1.09,5.99,124.73
Tyler Wells,1891,87.63,95.8,2422.31,11.36,-1.88,6.91,6.33,115.08
Wandy Peralta,877,91.87,98.0,2207.22,7.2,14.25,5.92,5.93,122.17
Will Smith,861,85.3,94.8,2242.23,6.52,-1.06,6.54,6.17,87.39
Will Vest,780,91.2,98.0,2115.51,8.09,-5.19,5.61,6.19,109.63
Xzavion Curry,1494,87.61,95.2,2237.47,8.42,1.46,6.05,6.12,99.77
Yennier Cano,1006,93.58,98.6,2079.54,-0.79,-14.51,5.36,5.99,181.89
Yerry Rodríguez,278,91.48,99.7,2413.21,11.2,-5.25,5.67,6.64,111.58
Yimi García,1094,90.57,99.3,2548.04,6.11,-3.21,5.1,5.94,121.43
Yohan Ramirez,106,89.77,96.5,2307.8,4.84,-4.8,4.92,7.13,156.97
Yonny Chirinos,941,89.55,95.0,1940.51,6.36,-9.33,6.59,6.32,143.17
Yu Darvish,2214,87.83,97.6,2505.76,4.16,1.23,5.49,6.55,110.91
Yusei Kikuchi,2804,90.5,97.8,2340.75,8.14,3.48,5.4,6.87,134.53
Zac Gallen,3241,89.53,96.8,2234.65,7.49,-1.8,5.91,6.59,118.19
Zach Davies,1497,86.07,92.6,2106.17,8.69,-11.31,5.51,6.12,84.98
Zach Eflin,2574,87.0,95.6,2240.19,3.32,-2.25,5.92,6.62,104.54
Zach Jackson,369,89.37,95.4,2247.56,11.15,-2.49,6.86,5.23,119.11
Zach Logue,173,86.62,92.6,2032.8,5.97,7.87,5.04,5.6,92.65
Zach McAllister,123,89.1,94.0,2187.0,6.94,-7.75,4.44,7.22,171.89
Zach Neal,462,85.07,91.3,2085.63,4.61,-7.17,5.3,6.61,105.93
Zach Plesac,369,86.77,93.7,1998.99,11.93,-5.27,6.16,6.4,113.79
Zach Pop,194,91.7,97.8,2288.48,0.78,-8.5,5.5,6.37,129.68
Zack Greinke,2212,84.29,93.3,2239.11,5.65,-0.46,6.21,5.97,87.28
Zack Kelly,175,88.49,96.9,2276.88,9.67,-11.19,5.5,6.93,138.76
Zack Littell,1316,89.32,96.6,1903.11,9.51,-4.57,6.15,6.26,97.61
Zack Short,100,62.47,76.7,1482.49,17.93,-3.95,6.62,4.28,67.96
Zack Weiss,224,87.11,95.7,2504.12,5.93,7.57,5.65,6.3,115.91
