Name,Pitch Type,Pitches,Velo,Max_Velo,SpinRate,IVB,HB,RelHeight,Extension,Stuff
Aaron Bummer,FC,115,87.17,90.3,2343.65,0.8,-2.97,5.22,6.46,154.7
Aaron Bummer,SI,498,94.33,97.3,1972.83,1.99,14.51,5.09,6.51,108.83
Aaron Bummer,ST,418,82.53,86.1,2570.58,-2.6,-16.6,5.28,6.48,100.37
Aaron Civale,CU,486,78.1,81.2,2984.9,-15.98,10.88,6.44,5.64,131.68
Aaron Civale,FC,751,87.67,91.2,2595.9,7.67,3.75,6.38,5.68,122.87
Aaron Civale,FF,245,91.83,94.6,2384.13,18.34,-4.99,6.34,5.68,109.38
Aaron Civale,SI,372,92.38,94.9,2270.82,12.96,-13.94,6.19,5.69,104.31
Aaron Civale,SL,113,82.42,86.0,2868.14,1.83,11.67,6.31,5.74,120.72
Aaron Loup,CH,146,79.66,82.6,1903.58,-1.99,17.38,4.16,6.04,114.4
Aaron Loup,FC,182,83.47,86.0,2377.34,0.68,-0.8,4.52,6.14,141.13
Aaron Loup,SI,452,92.07,94.6,2206.33,5.11,18.9,4.57,6.15,103.71
Adam Cimber,FF,151,85.26,87.4,2158.83,4.82,-11.21,2.07,6.62,151.56
Adam Cimber,SI,108,85.12,87.9,2075.59,-8.77,-12.32,2.02,6.6,135.97
Adam Cimber,SL,104,74.8,77.5,2510.86,12.8,9.94,1.93,6.53,97.4
Adam Oller,FF,186,93.69,96.0,2206.1,18.19,-9.42,5.88,6.33,114.93
Adam Oller,SV,155,83.29,86.3,2107.34,-7.01,10.97,5.68,6.22,96.21
Adrián Martínez,CH,221,82.72,86.7,2287.44,-4.62,-13.62,5.63,6.03,107.45
Adrián Martínez,SI,558,93.85,96.6,2109.09,7.64,-17.28,5.65,6.24,100.11
Adrián Martínez,SL,164,83.19,87.1,1949.99,1.92,1.7,5.58,6.14,98.2
Albert Abreu,CH,150,88.28,90.6,2006.24,10.04,-16.82,5.61,6.77,107.7
Albert Abreu,SI,567,97.38,100.2,2132.16,14.48,-13.42,5.76,6.66,127.18
Albert Abreu,SL,293,87.69,90.3,2195.95,4.89,3.21,5.76,6.44,105.05
Alec Marsh,CH,200,86.96,89.5,1735.56,4.83,-14.38,5.52,6.37,103.38
Alec Marsh,CU,201,81.15,87.3,2505.53,-9.36,9.15,5.87,6.3,98.59
Alec Marsh,FF,500,94.23,97.3,2461.17,15.26,-8.8,5.67,6.39,115.31
Alec Marsh,SL,133,87.36,92.1,2391.54,3.26,0.23,5.69,6.41,113.01
Alec Marsh,ST,212,85.37,88.7,2477.27,-1.56,8.79,5.65,6.31,106.04
Alek Manoah,CH,212,86.34,88.7,2054.61,8.86,-16.37,5.81,6.83,112.57
Alek Manoah,FF,477,92.84,95.8,2347.24,16.17,-6.13,5.88,6.77,117.78
Alek Manoah,SI,472,92.65,95.6,2224.71,10.74,-14.89,5.8,6.82,116.21
Alek Manoah,SL,502,80.78,84.9,2148.29,0.21,12.45,5.7,6.73,95.35
Alex Cobb,FS,968,89.53,92.9,1565.17,1.94,-13.09,5.79,5.93,105.41
Alex Cobb,KC,405,83.61,86.2,2668.34,-12.95,7.83,5.83,5.77,115.93
Alex Cobb,SI,986,94.54,97.0,2084.75,6.96,-16.03,5.73,5.96,103.02
Alex Cobb,SL,125,86.2,88.4,2623.05,-3.29,11.04,5.76,5.89,113.84
Alex Faedo,CH,138,85.92,88.8,1900.96,6.44,-16.8,5.94,5.97,114.14
Alex Faedo,FF,502,92.87,95.9,2416.59,16.04,-9.86,6.1,5.85,102.26
Alex Faedo,SL,394,82.31,86.5,2610.18,-0.85,3.19,6.15,5.86,103.9
Alex Lange,CH,116,89.52,91.3,1624.01,2.58,-15.42,5.73,6.4,121.22
Alex Lange,CU,670,87.02,89.5,2237.27,-3.68,-0.62,5.73,6.41,177.13
Alex Lange,SI,300,95.76,97.9,2179.61,7.93,-15.77,5.68,6.46,102.61
Alex Wood,CH,493,85.16,87.5,1700.59,-0.24,14.91,4.77,6.33,108.2
Alex Wood,SI,758,91.45,95.4,1979.85,10.11,16.39,4.83,6.22,146.92
Alex Wood,SL,439,82.41,85.4,2024.85,-3.01,-6.81,4.63,6.23,107.81
Amir Garrett,SI,161,94.71,97.6,2180.12,13.22,14.09,6.01,6.42,104.68
Amir Garrett,SL,207,86.01,88.7,1936.29,6.12,-1.54,5.81,6.22,92.99
Andrew Chafin,FF,103,92.13,94.0,2167.83,15.94,8.98,6.43,6.75,80.16
Andrew Chafin,SI,267,92.18,95.3,2149.67,12.21,15.34,6.42,6.74,99.79
Andrew Chafin,SL,240,83.61,87.1,2519.04,-0.95,-0.29,6.24,6.66,123.23
Andrew Heaney,CH,441,84.02,86.5,2117.04,6.01,17.67,5.07,6.5,113.46
Andrew Heaney,FF,1505,92.51,96.9,2413.24,13.93,15.86,4.99,6.5,120.84
Andrew Heaney,SL,655,81.97,86.3,2529.8,0.09,-5.71,5.02,6.35,118.53
Andrew Vasquez,SL,160,80.5,82.9,2636.02,-4.26,-18.53,5.64,6.02,95.0
Andrew Wantz,FC,185,89.39,92.6,2577.94,6.76,4.94,5.98,6.25,120.25
Andrew Wantz,FF,253,94.04,96.2,2422.73,18.18,-3.98,6.16,6.38,131.46
Andrew Wantz,ST,163,83.78,86.9,2559.64,5.75,12.16,5.89,6.21,112.02
Andrés Muñoz,FF,267,99.18,101.9,2294.32,12.12,-11.6,5.04,6.39,157.31
Andrés Muñoz,SI,157,98.42,101.1,2066.29,2.83,-17.36,4.96,6.39,191.88
Andrés Muñoz,SL,398,88.38,91.9,2259.31,4.88,4.15,5.05,6.49,129.13
Angel Zerpa,CH,137,86.86,88.9,1523.77,7.02,12.47,5.71,5.58,98.99
Angel Zerpa,FF,232,94.49,96.5,2027.02,13.12,9.87,5.54,5.49,119.69
Angel Zerpa,SI,169,94.55,96.7,2029.7,5.62,16.16,5.31,5.48,99.13
Angel Zerpa,SL,169,86.24,90.9,2417.54,0.42,-5.33,5.45,5.4,97.08
Anthony Bass,SL,181,85.44,88.3,2253.89,-2.29,5.27,5.8,6.49,102.15
Anthony DeSclafani,CH,149,86.45,90.5,1577.41,3.52,-15.55,5.31,6.59,101.72
Anthony DeSclafani,FF,188,93.23,95.3,2259.96,15.76,-10.29,5.62,6.46,93.18
Anthony DeSclafani,SI,421,93.11,96.0,2127.43,10.34,-16.05,5.6,6.51,103.08
Anthony DeSclafani,SL,671,87.4,91.2,2158.66,6.48,3.96,5.49,6.46,101.16
Anthony Misiewicz,FC,102,88.03,90.9,2353.77,5.92,-3.8,5.98,6.05,124.59
Aroldis Chapman,FF,482,99.01,103.8,2417.39,17.92,4.66,6.05,7.12,154.58
Aroldis Chapman,SI,160,101.12,103.5,2404.69,15.4,12.54,6.11,7.09,280.38
Aroldis Chapman,SL,290,88.08,92.4,2306.14,5.84,-8.45,6.13,7.23,122.81
Austin Adams,SL,324,88.08,90.8,2934.18,-0.44,7.16,5.23,5.86,136.86
Austin Cox,FC,111,86.72,89.9,2294.16,3.83,-4.49,6.22,6.07,101.56
Austin Cox,FF,281,91.48,94.9,2049.89,18.5,3.12,6.29,6.18,86.11
Austin Pruitt,CU,121,81.17,84.2,2842.34,-10.65,7.71,5.99,5.52,100.76
Austin Pruitt,FF,204,91.73,93.8,2318.01,14.7,-3.61,5.88,5.7,83.5
Austin Pruitt,SL,280,87.67,91.0,2585.59,2.51,5.98,5.85,5.67,109.14
Austin Voth,CU,191,77.34,79.8,2925.79,-9.36,16.46,5.63,6.28,129.37
Austin Voth,FF,288,93.24,95.3,2328.87,16.86,-6.48,5.7,6.42,121.28
Austin Voth,ST,106,82.94,85.8,2779.32,4.73,13.31,5.57,6.32,140.89
Bailey Ober,CH,651,83.72,87.5,2083.61,5.36,-17.24,5.84,7.16,117.87
Bailey Ober,CU,155,77.47,80.2,2181.75,-9.45,8.84,5.98,7.15,131.93
Bailey Ober,FF,1062,91.35,94.0,2312.58,16.47,-7.47,5.81,7.32,122.4
Bailey Ober,SL,457,81.04,86.2,2105.42,1.87,11.49,5.81,7.24,103.05
Beau Brieske,CH,150,88.82,91.4,2027.79,5.86,-15.99,5.84,6.02,112.3
Beau Brieske,FF,248,96.67,98.9,2445.0,16.7,-5.59,5.96,6.08,120.58
Beau Brieske,SI,124,95.93,98.5,2410.38,14.03,-13.86,5.93,6.09,110.28
Beau Brieske,SL,102,87.29,90.6,2199.07,2.88,4.17,5.85,6.02,95.71
Ben Joyce,FF,160,100.91,103.2,2357.09,12.09,-13.72,4.8,7.09,184.21
Blake Snell,CH,584,86.73,90.0,1795.58,10.98,12.8,6.45,6.97,119.82
Blake Snell,CU,626,80.98,84.9,2398.63,-10.4,-12.58,6.63,6.79,124.34
Blake Snell,FF,1538,95.51,98.8,2430.18,18.79,4.59,6.62,6.88,139.93
Blake Snell,SL,416,88.36,91.3,2344.99,7.1,-2.98,6.63,6.84,117.68
Bowden Francis,CU,183,74.3,76.8,2611.11,-10.87,16.17,5.96,6.79,115.64
Bowden Francis,FF,278,94.44,97.8,2467.37,17.91,-7.34,5.92,6.8,139.66
Brad Keller,CH,108,90.8,93.3,1674.02,3.81,-9.44,6.11,6.18,104.65
Brad Keller,CU,171,85.11,88.7,2518.85,-7.16,4.35,6.26,5.97,101.22
Brad Keller,FF,272,93.31,97.8,2313.15,11.99,2.1,6.1,6.13,81.5
Brad Keller,SL,204,84.31,89.9,2535.18,-1.52,11.35,6.16,6.0,97.12
Brady Singer,CH,164,87.67,90.6,1848.97,7.34,-15.04,5.31,6.98,97.49
Brady Singer,SI,1329,92.09,96.2,2280.01,9.51,-12.9,5.23,7.05,118.28
Brady Singer,SL,1096,84.01,88.1,2377.35,0.94,3.44,5.34,6.91,115.66
Brandon Bielak,CH,345,87.05,89.8,1877.49,5.19,-14.99,6.14,5.57,97.31
Brandon Bielak,CU,155,79.47,81.8,2393.49,-15.05,5.78,6.4,5.35,74.05
Brandon Bielak,FF,422,92.11,94.8,2414.95,13.55,-3.84,6.3,5.55,90.04
Brandon Bielak,SI,301,92.08,94.1,2211.22,7.03,-13.45,6.14,5.61,97.74
Brandon Bielak,SL,163,82.03,84.0,2382.34,-5.27,12.06,6.2,5.46,87.14
Brandon Pfaadt,CH,195,86.67,90.5,1954.02,3.2,-15.78,5.26,6.85,100.66
Brandon Pfaadt,FF,731,93.65,96.1,2469.28,15.39,-6.35,5.56,6.78,122.01
Brandon Pfaadt,SI,160,93.05,95.1,2310.88,7.19,-15.55,5.53,6.81,110.07
Brandon Pfaadt,ST,434,83.8,88.8,2724.22,6.02,11.77,5.38,6.66,137.35
Brandon Walter,FC,114,86.93,91.6,2333.66,3.93,-3.47,5.59,6.69,125.11
Brayan Bello,CH,626,86.24,90.2,1771.15,3.03,-16.44,5.14,6.43,108.93
Brayan Bello,FF,540,95.53,97.7,2083.47,13.09,-9.98,5.36,6.3,88.25
Brayan Bello,SI,951,95.0,97.4,1974.03,2.53,-18.04,5.11,6.38,121.09
Brayan Bello,SL,462,85.29,89.2,2276.42,-4.67,3.68,5.44,6.26,114.76
Brendan White,FF,214,94.38,97.5,2438.69,10.11,-3.13,4.77,6.55,141.58
Brendan White,SL,203,86.66,89.2,2658.31,3.0,7.21,4.82,6.4,128.0
Brendan White,ST,184,83.15,85.6,2824.1,-3.67,13.26,4.87,6.39,122.53
Brennan Bernardino,CU,369,77.6,81.1,2615.69,-1.55,-16.81,4.94,5.58,98.79
Brennan Bernardino,SI,482,90.85,93.0,2095.27,5.83,15.08,5.07,5.96,98.1
Brent Headrick,FF,277,91.69,94.4,2297.87,16.33,12.3,6.19,6.7,93.38
Brent Headrick,SL,188,80.02,83.4,1930.64,4.28,-1.83,6.13,6.53,98.0
Brent Honeywell,CH,250,87.29,90.3,1712.93,5.49,-13.07,5.98,6.39,100.69
Brent Honeywell,FF,443,94.76,97.3,2156.52,15.89,-6.46,6.14,6.26,89.75
Brent Honeywell,ST,167,81.52,84.8,2485.69,4.65,12.26,5.99,6.26,88.28
Brock Burke,CH,100,88.09,90.9,2049.22,6.99,15.47,6.06,7.0,123.72
Brock Burke,FF,587,94.75,98.3,2250.98,15.94,7.46,6.11,7.08,113.2
Brock Burke,SL,172,87.31,92.5,2135.06,4.53,0.01,6.17,6.96,116.26
Brock Stewart,FF,169,97.3,99.7,2603.57,15.51,-8.0,5.51,6.28,154.64
Bryan Abreu,FF,499,97.55,100.9,2387.82,16.29,-7.5,5.59,6.58,146.29
Bryan Abreu,SL,705,87.45,91.2,2916.32,-3.48,9.12,5.76,6.46,137.56
Bryan Baker,CH,113,79.76,85.5,1729.79,11.18,-13.49,6.6,6.53,117.07
Bryan Baker,FF,444,95.72,98.1,2327.39,18.43,-2.83,6.59,6.54,135.91
Bryan Baker,SL,225,86.08,91.2,2269.71,3.87,7.1,6.63,6.53,121.66
Bryan Shaw,CU,108,81.72,86.3,2199.74,-13.18,7.21,6.19,5.83,90.23
Bryan Shaw,FC,392,93.83,97.6,2424.26,8.54,3.66,6.11,5.87,93.82
Bryan Shaw,SL,155,83.52,86.1,2635.81,1.22,14.37,5.89,5.76,114.13
Bryan Woo,FC,217,87.61,92.8,2156.18,4.04,4.05,5.04,6.89,148.54
Bryan Woo,FF,677,95.13,98.4,2207.43,14.82,-7.55,4.94,6.84,176.92
Bryan Woo,SI,369,94.98,98.2,2110.7,6.57,-16.57,4.94,6.86,161.37
Bryan Woo,SL,128,83.25,87.2,2355.52,5.9,13.61,4.87,6.84,155.09
Bryce Jarvis,FF,194,95.35,97.5,2055.57,14.12,-8.53,5.8,5.86,101.31
Bryce Jarvis,SL,115,84.53,87.0,2544.61,-1.93,7.1,5.51,5.79,94.23
Bryce Miller,CH,117,85.03,88.7,2053.7,8.4,-15.67,5.29,6.45,87.24
Bryce Miller,FF,1222,95.09,98.0,2590.71,18.4,-3.49,5.76,6.21,130.11
Bryce Miller,SI,159,95.15,97.4,2451.48,12.25,-14.12,5.55,6.23,134.25
Bryce Miller,SL,396,86.63,89.2,2416.49,1.7,2.06,5.51,6.26,122.96
Bryce Miller,ST,177,81.18,84.3,2187.11,-5.8,14.95,5.37,6.33,66.31
Cal Quantrill,CH,173,86.14,89.9,1529.74,7.98,-12.8,6.23,6.54,96.41
Cal Quantrill,CU,188,82.04,87.1,2400.72,-3.28,2.78,6.45,6.3,104.76
Cal Quantrill,FC,409,88.08,91.5,2255.8,6.83,2.82,6.29,6.38,113.24
Cal Quantrill,FS,210,86.76,89.2,1067.4,4.44,-10.98,6.21,6.59,116.98
Cal Quantrill,SI,707,93.71,95.9,2149.56,15.31,-12.38,6.33,6.53,117.91
Caleb Thielbar,FF,251,93.07,95.4,2284.08,18.58,4.34,6.07,6.32,109.06
Caleb Thielbar,ST,103,80.28,83.3,2454.06,0.15,-15.25,5.91,6.24,78.24
Calvin Faucher,FC,157,91.17,94.0,2702.03,4.85,3.97,6.02,5.69,134.27
Calvin Faucher,SI,148,95.03,97.3,2268.48,17.73,-6.73,6.09,5.71,187.87
Calvin Faucher,ST,151,87.24,90.0,2841.64,-0.41,10.67,6.05,5.72,118.81
Camilo Doval,FC,381,99.75,103.2,2520.59,13.17,-7.64,5.35,6.72,129.02
Camilo Doval,SI,341,97.96,101.3,2397.87,2.92,-12.62,5.25,6.65,155.08
Camilo Doval,SL,404,88.87,92.8,2465.37,2.29,2.91,5.4,6.57,112.94
Carlos Estévez,FF,749,97.11,100.0,2179.29,17.03,-8.64,5.79,6.39,130.87
Carlos Estévez,SL,296,88.48,91.9,2231.07,2.8,5.5,5.75,6.22,112.44
Carlos Hernández,FF,683,99.07,102.6,2436.66,16.86,-9.79,6.04,6.65,156.24
Carlos Hernández,FS,136,88.89,93.6,1338.49,8.7,-10.75,6.06,6.73,104.8
Carlos Hernández,KC,116,84.01,87.0,2359.36,-4.25,2.72,6.16,6.53,124.96
Carlos Hernández,SL,289,88.67,92.4,2073.48,3.15,1.56,5.97,6.6,109.14
Carlos Rodón,FF,685,95.28,99.8,2342.06,17.51,6.34,6.5,6.29,116.03
Carlos Rodón,SL,321,85.44,90.6,2505.6,-1.04,-7.9,6.3,6.2,106.91
Chad Green,FF,110,95.55,97.1,2464.16,18.03,-6.43,6.08,6.7,134.13
Chad Smith,SI,133,94.94,97.2,2148.5,8.49,-18.78,5.53,6.09,103.58
Chad Smith,SL,103,85.22,87.5,2186.76,2.07,1.62,5.44,5.99,103.43
Chase Silseth,FF,300,95.05,98.8,2401.99,15.84,-6.09,6.05,6.0,103.33
Chase Silseth,FS,147,87.16,91.2,1131.74,3.3,-5.3,6.18,5.84,104.56
Chase Silseth,SI,130,94.32,97.3,2334.72,9.22,-13.0,6.08,5.95,94.32
Chase Silseth,SL,198,81.96,87.2,2766.33,-7.71,12.67,5.94,5.83,92.59
Chasen Shreve,FF,260,90.46,92.0,2283.38,16.01,11.22,5.55,6.28,95.27
Chasen Shreve,FS,284,81.98,84.4,967.27,3.21,10.24,5.53,6.43,117.03
Chasen Shreve,ST,135,83.03,85.8,2255.81,2.08,-5.31,5.57,6.39,105.41
Chris Bassitt,CH,205,84.12,87.1,1931.8,8.17,-17.25,5.6,6.34,102.72
Chris Bassitt,CU,394,70.65,73.7,2268.62,-14.12,13.97,5.91,6.3,118.13
Chris Bassitt,FC,479,87.78,92.3,2205.06,8.02,2.56,5.68,6.29,102.5
Chris Bassitt,FF,292,92.43,96.0,2154.32,13.19,-5.13,5.63,6.32,92.76
Chris Bassitt,FS,104,82.58,86.5,1406.38,4.24,-13.58,5.54,6.35,110.84
Chris Bassitt,SI,1224,91.89,95.7,2096.3,8.68,-15.88,5.59,6.34,89.96
Chris Bassitt,SL,145,80.28,85.6,2333.26,-1.32,7.57,5.79,6.31,83.14
Chris Bassitt,ST,280,73.15,77.5,2286.31,-1.98,18.28,5.3,6.18,132.6
Chris Devenski,CH,348,83.29,86.1,1622.94,5.59,-15.75,6.45,6.39,158.21
Chris Devenski,FF,196,94.06,96.5,2256.93,16.32,-9.96,6.49,6.26,112.0
Chris Flexen,CH,132,80.83,84.4,1302.87,9.81,-12.58,6.61,6.4,121.13
Chris Flexen,FC,224,88.06,91.4,2332.55,8.4,7.24,6.86,6.26,112.13
Chris Flexen,FF,264,91.75,94.1,2111.98,18.69,-0.91,6.86,6.26,85.06
Chris Martin,FC,249,92.3,94.9,2174.84,8.19,2.1,6.04,6.48,113.72
Chris Martin,FF,249,95.72,98.1,2181.03,14.79,-8.2,6.12,6.55,109.07
Chris Martin,SI,107,94.92,97.3,2097.97,9.93,-15.24,5.96,6.58,111.77
Chris Murphy,CU,159,75.83,79.0,2517.64,-13.99,-14.23,5.28,6.31,145.02
Chris Murphy,FF,333,93.92,96.7,2277.16,15.35,6.26,5.5,6.38,116.32
Chris Murphy,SL,273,87.98,92.3,2230.17,7.23,-4.14,5.32,6.33,108.24
Chris Sale,CH,219,86.11,90.7,1991.92,3.63,18.43,4.92,6.41,105.49
Chris Sale,FF,717,93.92,99.0,2208.41,10.98,14.6,5.29,6.51,96.71
Chris Sale,SI,105,93.35,97.0,2033.1,3.27,19.83,5.17,6.49,165.32
Chris Sale,SL,627,77.82,84.2,2240.88,-4.39,-11.23,5.28,6.18,94.3
Chris Stratton,FF,241,93.31,95.3,2507.17,16.15,-5.79,5.84,6.6,118.72
Chris Stratton,SL,120,87.32,89.4,2840.89,2.7,4.76,5.82,6.58,101.23
Cionel Pérez,FF,233,96.79,99.1,2171.62,15.48,6.61,5.49,6.02,126.19
Cionel Pérez,SI,324,96.32,98.6,2195.71,8.05,14.78,5.47,5.99,91.11
Cionel Pérez,SL,259,83.92,88.0,2566.53,-5.28,-12.15,5.45,5.91,106.75
Clarke Schmidt,FC,763,91.33,94.9,2722.84,7.6,3.05,5.57,6.39,112.86
Clarke Schmidt,KC,517,83.66,86.8,2929.48,-7.29,15.99,5.84,6.14,152.37
Clarke Schmidt,SI,645,93.46,96.8,2545.62,6.96,-9.23,5.55,6.42,165.0
Clarke Schmidt,ST,739,86.03,89.2,2945.32,4.39,8.97,5.4,6.33,149.42
Clay Holmes,SI,708,96.04,99.1,2138.63,3.25,-15.34,6.54,5.96,271.13
Clay Holmes,SL,213,87.54,90.7,2551.89,-3.69,2.27,6.62,5.93,128.7
Cody Bradford,CH,270,82.11,84.9,1900.9,12.0,15.12,5.88,7.37,129.19
Cody Bradford,FF,531,90.37,93.1,2121.5,18.77,7.73,6.1,7.33,139.81
Cody Bradford,SL,151,86.29,89.1,2027.09,5.65,-1.01,6.06,7.37,118.8
Cole Irvin,CH,267,84.18,87.2,1560.32,7.73,13.66,6.11,6.37,106.94
Cole Irvin,CU,181,77.19,81.1,2214.43,-5.19,-15.24,6.1,6.2,84.25
Cole Irvin,FC,203,85.49,90.8,2171.31,3.51,-2.5,6.17,6.35,119.75
Cole Irvin,FF,358,92.2,95.3,2020.76,16.01,10.42,6.3,6.39,74.91
Cole Irvin,SI,258,91.97,95.2,1898.86,11.62,14.66,6.27,6.38,89.58
Cole Ragans,CH,374,86.58,89.8,2057.32,10.75,15.59,6.17,6.21,105.29
Cole Ragans,CU,195,81.75,85.5,2475.17,-11.32,-10.28,6.3,6.02,92.21
Cole Ragans,FC,206,91.81,95.7,2520.94,6.26,2.15,6.21,6.09,130.78
Cole Ragans,FF,631,96.54,101.0,2481.63,16.08,12.39,6.35,6.13,117.82
Cole Ragans,SL,165,86.76,90.4,2570.85,0.28,-1.98,6.14,6.1,115.39
Cole Sands,FF,157,93.76,95.9,2344.85,14.02,-11.41,5.65,5.76,115.13
Colin Poche,FF,603,92.5,94.6,2249.0,20.06,-1.72,6.32,7.15,147.14
Colin Poche,SL,324,84.55,88.4,2447.84,4.31,-4.12,6.33,7.12,126.91
Collin Snider,SI,138,95.76,98.1,2470.83,3.69,-12.05,5.08,6.03,186.49
Cooper Criswell,FC,139,83.37,85.8,2380.98,6.31,3.39,5.14,6.9,180.05
Cooper Criswell,SI,187,88.38,91.1,2046.6,2.14,-18.17,5.14,6.93,184.85
Cooper Criswell,ST,152,76.1,79.6,2494.13,4.07,20.2,5.14,6.73,126.86
Corey Kluber,CH,154,82.14,84.0,1721.98,3.57,-14.46,5.03,6.6,99.65
Corey Kluber,CU,276,80.52,82.8,2556.99,2.92,15.61,5.07,6.34,126.17
Corey Kluber,FC,267,86.12,88.9,2479.08,8.38,2.35,5.02,6.48,138.98
Corey Kluber,SI,246,88.2,90.4,2208.92,8.67,-15.22,5.0,6.56,125.33
Cristian Javier,CH,116,83.71,87.0,2397.68,7.61,-15.91,5.68,5.98,126.76
Cristian Javier,FF,1672,92.75,95.4,2255.08,18.63,-5.55,5.72,6.05,133.0
Cristian Javier,KC,215,76.56,78.9,2936.85,-10.32,12.22,5.8,5.85,104.59
Cristian Javier,SL,854,79.52,82.9,2551.59,2.36,14.04,5.72,5.91,102.87
DL Hall,FF,199,95.58,99.0,2208.89,15.56,7.18,5.34,7.02,163.53
Dallas Keuchel,CH,178,80.3,82.1,1680.63,3.67,14.23,6.18,6.08,95.04
Dallas Keuchel,FC,167,84.78,86.8,2266.35,7.6,-1.39,6.18,5.93,97.04
Dallas Keuchel,SI,228,87.39,89.1,1997.3,5.35,15.27,6.21,5.97,124.61
Dane Dunning,CH,420,85.67,87.9,1774.85,4.95,-16.91,5.42,6.77,105.94
Dane Dunning,CU,127,77.73,80.8,2172.53,-14.74,10.49,5.53,6.59,117.35
Dane Dunning,FC,534,88.91,92.3,2190.4,10.04,1.12,5.47,6.84,82.26
Dane Dunning,SI,892,90.97,93.9,2055.33,7.78,-14.08,5.42,6.85,109.58
Dane Dunning,SL,630,82.1,86.4,2360.9,-1.39,2.96,5.48,6.7,105.89
Daniel Lynch IV,CH,225,84.07,87.0,1631.92,8.88,11.97,5.85,6.92,107.02
Daniel Lynch IV,FF,344,92.58,95.4,2150.73,16.35,4.84,5.89,7.14,123.98
Daniel Lynch IV,SL,152,87.57,92.2,2191.36,6.06,-2.08,5.93,6.96,117.59
Daniel Norris,CH,110,82.85,89.2,1426.38,1.79,7.22,5.4,6.09,121.78
Daniel Norris,FF,107,88.82,93.6,2321.64,15.95,9.89,5.58,6.17,105.01
Danny Coulombe,FC,350,86.03,88.4,2649.81,3.17,-3.72,6.0,5.72,110.98
Danny Coulombe,SI,147,91.07,93.6,2422.64,12.23,10.19,5.99,5.82,102.64
Danny Coulombe,ST,145,82.08,84.2,2454.28,-6.84,-11.48,6.11,5.6,91.97
Dany Jiménez,FF,151,93.25,95.8,2178.94,17.38,-5.83,6.41,5.73,94.62
Dany Jiménez,SL,250,81.5,86.1,2254.18,1.0,0.43,6.48,5.57,129.62
Davis Daniel,FF,116,93.4,95.6,2168.78,16.7,-5.32,5.65,6.62,118.37
Dean Kremer,CH,357,85.32,89.3,1715.43,4.95,-15.38,5.74,6.39,108.84
Dean Kremer,CU,260,78.12,81.8,2756.16,-10.66,10.41,6.01,6.17,96.45
Dean Kremer,FC,699,88.75,91.9,2435.5,8.59,3.8,6.0,6.17,115.28
Dean Kremer,FF,1081,94.63,97.5,2303.76,16.85,-9.65,5.85,6.27,120.33
Dean Kremer,SI,426,91.9,96.1,2002.43,9.78,-16.02,5.62,6.39,96.9
Declan Cronin,SL,103,86.22,90.2,2734.3,-1.47,9.93,5.19,6.1,110.68
Deivi García,FF,162,94.84,97.3,2230.55,17.04,-8.17,5.33,6.54,142.82
Domingo Germán,CH,345,85.78,89.0,2392.91,9.41,-17.32,5.58,6.17,106.76
Domingo Germán,CU,672,82.86,86.4,2669.15,1.93,0.71,5.64,5.98,150.36
Domingo Germán,FF,457,92.29,94.9,2507.6,16.18,-10.13,5.44,6.08,101.65
Domingo Germán,SI,172,92.4,94.8,2405.48,7.86,-17.17,5.35,6.15,97.99
Domingo Tapia,FF,153,97.44,100.2,2259.96,15.75,-11.04,5.79,5.99,128.81
Dominic Leone,FC,121,92.26,94.2,2469.51,6.88,2.76,5.75,6.5,127.51
Dominic Leone,FF,150,95.95,98.1,2297.69,15.28,-6.18,5.74,6.45,112.6
Dominic Leone,SL,134,86.06,88.8,2551.69,-2.83,5.65,5.8,6.53,119.6
Drew Carlton,FF,160,92.24,94.4,2120.56,13.35,-13.05,5.38,6.1,80.77
Drew Rasmussen,FC,241,88.16,91.4,2722.39,-0.51,3.19,5.94,6.53,166.75
Drew Rasmussen,FF,196,95.73,97.9,2516.61,17.61,-0.14,6.06,6.61,144.88
Drew Rasmussen,ST,102,84.48,88.2,2692.35,-3.46,14.57,5.73,6.48,120.39
Drew Rucinski,FF,101,88.98,91.5,2068.53,13.15,-5.27,5.63,6.7,75.53
Drew Rucinski,SL,106,84.2,87.4,2104.34,3.18,4.45,5.57,6.59,89.62
Drey Jameson,FF,184,96.99,99.6,2235.19,15.56,-6.74,5.75,5.7,132.77
Drey Jameson,SI,200,94.98,98.2,2119.13,5.64,-16.07,5.54,5.71,117.58
Drey Jameson,SL,175,85.42,90.8,2525.94,-0.04,8.77,5.54,5.69,99.89
Dylan Cease,FF,1407,95.56,98.6,2518.96,18.79,-3.17,6.27,6.33,132.33
Dylan Cease,KC,494,80.23,84.4,2640.93,-15.77,3.56,6.13,6.19,106.6
Dylan Cease,SL,1260,86.25,90.4,2795.46,1.93,2.51,6.05,6.29,115.59
Dylan Coleman,FC,102,90.1,94.1,2412.91,6.68,4.34,5.8,6.63,115.5
Dylan Coleman,FF,144,95.22,98.1,2421.43,13.51,-3.18,5.8,6.71,114.68
Dylan Coleman,ST,135,80.77,84.0,2499.58,2.63,18.28,5.72,6.63,110.39
Dylan Floro,FF,122,91.59,93.8,2158.95,13.22,-9.09,6.0,6.48,98.57
Eduard Bazardo,SL,122,82.64,85.3,2590.53,-1.65,16.52,5.9,5.89,96.77
Eduardo Rodriguez,CH,444,85.9,90.0,1879.26,5.51,16.23,5.83,6.34,109.59
Eduardo Rodriguez,FC,457,88.78,92.8,2171.6,10.12,-1.43,5.73,6.3,86.82
Eduardo Rodriguez,FF,1072,92.15,95.5,2164.79,14.62,5.84,5.82,6.23,88.81
Eduardo Rodriguez,SI,220,92.39,95.1,2159.28,10.86,13.56,5.87,6.32,88.08
Eduardo Rodriguez,SL,169,84.5,87.1,2120.1,1.23,-2.18,5.8,6.37,97.23
Eli Morgan,CH,376,78.59,82.9,2039.27,3.83,-16.6,5.69,6.45,136.81
Eli Morgan,FF,481,92.53,95.1,2272.0,18.3,-7.77,5.67,6.75,148.37
Eli Morgan,SL,309,85.52,89.3,2222.29,3.86,1.99,5.69,6.52,120.65
Emilio Pagán,FC,318,87.72,90.9,2447.46,5.29,4.24,5.57,6.8,138.6
Emilio Pagán,FF,584,95.78,98.4,2545.48,17.85,-7.19,5.63,6.74,143.69
Emilio Pagán,FS,131,85.86,89.3,1533.17,8.45,-13.54,5.52,6.92,115.82
Emmanuel Clase,FC,755,99.07,102.8,2637.25,9.78,3.82,6.05,6.49,126.61
Emmanuel Clase,SL,355,91.11,95.2,2585.53,1.4,7.91,5.98,6.55,129.74
Enyel De Los Santos,FF,633,95.63,98.6,2265.99,13.08,-11.46,5.42,6.23,98.37
Enyel De Los Santos,SL,319,84.08,86.6,2186.52,0.54,2.3,5.41,6.26,96.98
Erasmo Ramírez,FC,221,88.78,91.7,2356.03,11.59,1.04,5.41,6.46,95.93
Erasmo Ramírez,SI,131,91.12,94.2,2150.95,7.62,-16.22,5.29,6.37,73.57
Erik Swanson,FF,366,93.72,96.5,2266.24,17.57,-10.4,6.19,6.66,104.75
Erik Swanson,FS,502,85.09,88.3,1214.61,5.37,-12.31,5.98,6.73,110.36
Erik Swanson,SL,189,86.64,90.3,2195.5,9.91,5.1,5.91,6.7,97.76
Framber Valdez,CH,457,90.15,98.0,1675.65,4.68,15.51,6.16,5.96,127.87
Framber Valdez,CU,705,80.16,84.6,2846.12,-14.44,-8.89,6.12,5.87,111.8
Framber Valdez,FC,381,85.67,92.8,2591.53,-1.43,-2.67,6.09,5.88,137.1
Framber Valdez,SI,1377,95.28,98.4,2187.45,9.88,15.78,6.23,5.9,121.92
Freddy Tarnok,FF,148,95.21,97.7,2459.43,18.62,-4.07,6.66,5.86,133.89
Félix Bautista,FF,688,99.51,103.4,2420.72,20.5,-6.85,6.95,6.61,156.41
Félix Bautista,FS,242,88.56,92.7,904.09,7.58,-6.8,6.9,6.66,134.21
Gabe Speier,FF,162,95.11,97.6,2255.81,15.3,9.81,5.45,5.93,112.13
Gabe Speier,SI,358,94.37,97.2,1999.49,6.68,17.72,5.42,5.93,97.26
Gabe Speier,SL,249,84.42,88.7,2129.93,-1.21,-3.24,5.35,6.04,100.41
Garrett Crochet,FF,185,96.26,99.0,2364.76,16.05,5.93,6.14,7.21,133.6
Garrett Whitlock,CH,288,82.7,88.9,2129.22,3.7,-16.99,5.8,7.46,139.62
Garrett Whitlock,SI,624,93.96,97.4,2074.07,12.85,-15.31,5.71,7.56,185.84
Garrett Whitlock,ST,274,79.6,83.6,2114.69,-3.98,9.32,5.64,7.47,91.85
Gavin Williams,CU,235,76.25,80.6,2282.69,-16.23,9.89,6.1,7.26,90.05
Gavin Williams,FF,767,95.66,99.3,2217.9,16.0,-9.83,5.84,7.46,155.32
Gavin Williams,SL,306,84.88,90.7,2252.7,1.27,3.71,5.83,7.33,114.08
George Kirby,CU,321,81.82,86.0,2343.22,-12.79,9.23,5.82,6.43,85.17
George Kirby,FF,1103,96.11,99.7,2208.91,15.22,-8.3,5.93,6.42,105.17
George Kirby,FS,171,84.81,87.3,798.65,0.48,-10.29,5.82,6.61,135.01
George Kirby,SI,609,95.81,99.4,2229.28,10.39,-15.78,5.94,6.46,108.22
George Kirby,SL,556,86.25,90.5,2335.33,-2.48,11.01,5.76,6.44,113.29
Gerardo Reyes,FF,117,96.55,98.8,2413.83,17.11,-8.6,5.48,5.81,150.04
Gerrit Cole,CH,233,89.09,92.0,1580.83,10.12,-14.23,5.75,6.46,92.21
Gerrit Cole,FC,230,92.72,96.1,2511.25,10.83,2.8,5.92,6.28,112.45
Gerrit Cole,FF,1738,96.65,99.9,2412.04,17.43,-8.37,5.95,6.32,127.65
Gerrit Cole,KC,396,82.91,85.8,2782.91,-13.73,10.07,6.0,6.13,115.84
Gerrit Cole,SL,682,89.13,93.1,2542.11,1.75,4.72,5.87,6.25,115.67
Glenn Otto,ST,103,82.17,85.0,2494.66,1.62,13.57,5.95,6.77,102.15
Grant Anderson,FF,104,93.03,95.2,2328.65,11.5,-12.64,4.51,6.65,104.94
Grant Anderson,SI,167,92.86,95.4,2150.36,0.24,-17.88,4.5,6.64,116.64
Grant Anderson,SL,298,85.26,88.6,2391.76,7.02,1.99,4.13,6.68,120.92
Grayson Rodriguez,CH,471,83.9,86.9,1851.2,2.68,-12.44,5.71,7.17,127.76
Grayson Rodriguez,CU,172,79.94,83.8,2627.95,-12.64,9.14,5.82,7.07,114.86
Grayson Rodriguez,FC,121,89.73,94.1,2255.4,9.13,2.36,5.83,7.06,134.92
Grayson Rodriguez,FF,1043,97.36,101.0,2269.61,15.85,-11.45,5.79,7.15,151.27
Grayson Rodriguez,SL,297,82.26,86.6,2402.44,3.9,11.41,5.8,7.09,121.99
Greg Weissert,SI,121,94.06,96.7,2064.1,3.82,-17.0,5.05,6.27,126.36
Gregory Santos,SI,455,98.85,103.1,2386.32,6.88,-11.8,6.02,6.61,189.87
Gregory Santos,SL,551,91.36,95.2,2523.83,1.62,5.67,5.79,6.6,142.45
Griffin Canning,CH,441,90.2,92.9,1809.54,4.37,-16.27,5.73,5.81,115.35
Griffin Canning,CU,274,81.82,84.9,2405.76,-7.27,12.04,5.9,5.85,107.96
Griffin Canning,FF,727,94.71,97.3,2138.77,15.7,-7.44,5.81,6.13,112.59
Griffin Canning,SL,617,88.39,91.8,2728.45,-3.36,0.09,5.85,5.94,117.32
Griffin Jax,FF,232,96.46,98.4,2381.11,16.13,-6.36,5.52,6.34,144.99
Griffin Jax,SI,139,96.51,98.2,2394.46,11.47,-14.32,5.51,6.37,132.14
Griffin Jax,ST,551,86.74,89.8,2960.2,-4.55,13.45,5.49,6.31,112.59
Génesis Cabrera,FF,150,96.21,98.6,2280.19,16.6,9.26,6.01,6.0,114.4
Hector Neris,FF,565,93.02,95.0,2429.09,17.65,-8.27,5.99,6.16,110.81
Hector Neris,FS,306,82.82,86.0,1166.92,-0.06,-9.46,6.12,6.14,93.37
Hector Neris,SI,165,92.94,94.9,2343.29,12.64,-15.81,6.07,6.16,97.25
Hogan Harris,CH,225,80.13,83.9,1964.7,8.41,16.78,5.8,6.5,124.68
Hogan Harris,CU,154,76.3,80.6,2482.46,-11.18,-10.62,5.98,6.21,110.28
Hogan Harris,FC,210,90.47,93.0,2211.9,12.11,1.77,6.02,6.3,98.67
Hogan Harris,FF,519,92.6,96.3,2266.09,16.49,10.07,6.06,6.33,106.17
Hunter Brown,FF,1254,95.7,99.0,2240.14,16.87,-6.05,6.18,6.75,115.71
Hunter Brown,FS,130,88.2,91.2,1431.86,7.06,-14.22,5.94,6.75,122.27
Hunter Brown,KC,645,82.9,86.7,2472.32,-14.57,5.26,6.22,6.57,99.44
Hunter Brown,SL,637,91.74,96.7,2150.08,5.87,3.25,6.15,6.65,105.96
Hunter Gaddis,CH,125,81.23,84.8,1972.17,12.17,-15.04,5.83,6.98,124.49
Hunter Gaddis,FF,273,93.43,95.8,2199.68,16.37,-6.44,6.14,6.71,101.06
Hunter Gaddis,SL,217,85.3,88.4,2262.75,2.43,6.36,6.2,6.63,101.15
Hyun Jin Ryu,CH,189,78.12,81.0,1480.51,6.17,13.83,5.71,6.7,117.08
Hyun Jin Ryu,CU,142,68.87,73.5,2472.72,-13.9,-13.25,6.08,6.4,112.71
Hyun Jin Ryu,FC,157,85.15,89.4,2019.2,8.54,0.35,5.86,6.61,90.85
Hyun Jin Ryu,FF,263,88.6,91.1,2050.56,12.48,11.43,5.81,6.64,66.27
Ian Hamilton,FF,219,96.17,98.3,2307.1,15.49,-8.71,6.16,6.06,114.01
Ian Hamilton,SI,229,95.64,97.9,2172.02,9.02,-16.39,6.02,6.04,118.33
Ian Hamilton,SL,522,88.11,91.4,1512.15,3.37,1.11,6.06,5.94,98.5
Ian Kennedy,FF,191,92.37,94.5,2361.18,17.68,-9.03,5.28,6.62,116.62
Ian Kennedy,FS,104,84.66,87.3,973.02,8.34,-6.98,5.47,6.63,104.52
Isaiah Campbell,FF,224,95.0,97.4,2442.15,17.17,-4.28,6.55,6.42,107.7
Isaiah Campbell,SL,181,86.52,89.6,2727.73,0.89,5.45,6.47,6.38,114.82
J.P. France,CH,333,81.77,88.1,1866.82,9.96,-15.11,5.36,6.46,111.61
J.P. France,CU,302,76.01,80.1,2532.81,-17.99,9.86,5.48,6.38,117.46
J.P. France,FC,416,86.84,90.4,2667.27,4.88,6.15,5.53,6.18,143.32
J.P. France,FF,948,93.05,96.1,2426.48,15.49,-1.45,5.63,6.16,115.1
J.P. France,ST,200,80.13,84.7,2635.34,-0.45,15.42,5.32,6.34,90.34
JP Sears,CH,433,84.1,87.4,1715.64,3.28,16.73,4.53,6.53,121.55
JP Sears,FF,1437,93.08,96.3,2134.97,14.69,11.17,4.98,6.55,117.34
JP Sears,SL,352,82.13,84.6,2449.87,7.17,-1.5,4.5,6.53,127.17
JP Sears,ST,639,81.07,84.4,2483.46,5.58,-9.88,4.56,6.48,165.1
Jack Flaherty,FF,306,93.68,97.2,2330.91,14.31,-3.34,5.38,6.81,124.36
Jack Flaherty,KC,138,77.68,81.5,2532.37,-9.69,13.76,5.41,6.63,101.64
Jack Flaherty,SL,148,85.22,88.2,2477.52,1.86,6.42,5.24,6.76,112.53
Jackson Kowar,CH,202,86.65,89.1,2386.82,3.54,-16.54,5.85,6.23,112.37
Jackson Kowar,FF,217,96.86,99.4,2017.16,14.59,-10.89,5.88,6.26,106.62
Jackson Kowar,SL,149,86.01,89.4,2185.21,-1.11,2.01,5.82,6.19,107.91
Jacob Lopez,SI,108,90.77,92.7,2005.3,9.22,14.42,5.23,6.88,114.01
Jacob Webb,CH,259,85.89,88.2,2165.63,10.38,-17.45,5.56,6.48,110.97
Jacob Webb,FF,448,94.9,96.8,2478.84,17.56,-8.15,5.48,6.41,141.39
Jacob Webb,ST,215,84.01,86.2,2518.73,-1.4,13.6,5.41,6.23,116.46
Jacob deGrom,FF,235,98.71,101.2,2550.03,17.55,-8.69,5.61,6.8,163.3
Jacob deGrom,SL,167,91.78,95.4,2643.69,3.85,4.78,5.68,6.62,148.06
Jaime Barria,CH,186,84.61,88.8,1536.26,9.93,-14.07,6.28,6.19,111.8
Jaime Barria,FF,405,93.02,96.2,2266.47,17.76,-2.5,6.51,6.27,109.91
Jaime Barria,SL,676,85.87,90.8,2161.13,5.12,3.88,6.43,6.16,96.3
Jake Diekman,CH,144,87.94,90.8,1622.33,4.72,16.21,5.39,6.42,109.88
Jake Diekman,FF,553,95.44,98.5,2230.52,10.97,17.34,5.5,6.48,155.48
Jake Diekman,ST,176,83.72,87.2,2852.02,3.33,-12.37,5.39,6.37,133.0
Jakob Junis,CH,137,87.14,90.1,1360.61,2.62,-12.18,5.85,6.01,99.17
Jakob Junis,SI,351,93.68,96.8,2184.12,6.85,-13.66,5.73,6.19,107.54
Jakob Junis,SL,858,84.21,88.7,2462.11,0.3,13.11,5.85,5.89,107.09
Jalen Beeks,CH,324,89.64,92.0,1923.58,7.67,17.29,6.04,6.38,141.88
Jalen Beeks,FF,317,94.36,96.8,2061.22,15.75,5.89,5.98,6.65,110.3
James Kaprielian,FF,451,92.26,94.7,2000.56,15.56,-7.8,6.03,6.12,94.52
James Kaprielian,SI,152,91.97,94.1,1899.45,9.04,-16.85,5.78,6.08,122.83
James Kaprielian,SL,335,80.84,84.9,2348.49,3.74,9.57,5.79,6.02,110.11
James Karinchak,CU,319,82.8,85.5,2317.58,-7.22,-1.51,6.61,5.85,148.15
James Karinchak,FF,412,94.79,97.3,2257.17,19.28,-3.83,6.64,6.08,139.11
James McArthur,CU,132,82.2,84.8,2860.36,-11.11,15.11,5.79,6.62,137.31
James McArthur,SI,118,94.07,96.8,2228.14,6.11,-16.34,5.68,6.88,146.25
James Paxton,CH,114,84.43,87.8,1923.75,6.21,14.86,6.17,6.85,120.64
James Paxton,FC,281,85.75,88.6,2017.7,2.62,-0.94,6.0,6.67,126.2
James Paxton,FF,943,95.22,98.2,2207.71,14.81,11.81,6.08,6.77,97.3
James Paxton,KC,326,81.28,84.7,1927.23,-6.79,-1.79,6.12,6.74,117.57
Jason Adam,CH,319,89.58,92.7,2258.01,3.55,-16.09,5.94,6.52,126.5
Jason Adam,FF,301,94.59,97.8,2625.39,18.04,-7.4,5.87,6.76,134.65
Jason Adam,ST,270,78.96,82.5,2701.27,-2.39,20.41,5.6,6.5,92.27
Jason Foley,CH,139,91.54,94.1,1626.3,3.71,-15.27,5.46,6.8,130.09
Jason Foley,SI,726,97.24,100.3,2022.71,6.0,-17.31,5.68,6.75,134.15
Jason Foley,SL,182,88.93,92.6,2223.03,1.8,3.56,5.83,6.84,124.85
Jay Jackson,FF,165,93.3,95.1,2248.78,15.79,-9.69,5.56,6.41,103.35
Jay Jackson,SL,264,84.7,87.1,2283.5,3.1,5.26,5.62,6.26,102.35
Jesse Scholtens,CU,239,74.03,76.6,2210.21,-13.09,8.09,6.08,6.8,129.83
Jesse Scholtens,FF,629,92.75,96.1,2057.73,16.61,-2.7,6.13,6.95,115.23
Jesse Scholtens,SL,529,85.41,88.6,2326.59,1.96,5.66,6.0,6.93,107.55
Jhoan Duran,CU,282,87.71,91.6,2697.07,-8.88,3.68,6.1,6.49,168.23
Jhoan Duran,FF,457,101.8,104.8,2097.71,13.73,-10.72,6.09,6.54,154.24
Jhoan Duran,FS,277,98.36,101.9,1718.28,2.84,-12.14,6.0,6.57,143.81
Jhony Brito,CH,419,88.79,91.9,1672.91,7.45,-16.12,6.1,6.32,114.48
Jhony Brito,CU,292,81.42,85.6,2194.84,-2.19,10.31,5.97,6.24,105.5
Jhony Brito,FF,245,95.83,98.0,2114.82,14.27,-10.41,6.18,6.15,79.78
Jhony Brito,SI,463,95.96,98.5,2115.46,9.97,-17.29,6.18,6.21,133.4
Jimmy Cordero,SI,359,97.28,100.1,2169.64,11.97,-15.65,6.2,7.22,161.22
Jimmy Cordero,SL,143,86.85,90.2,2378.81,-0.35,7.22,6.09,7.25,124.99
Jimmy Herget,CU,194,77.17,81.3,2842.78,5.2,16.75,4.95,5.02,139.88
Jimmy Herget,SL,156,85.18,88.3,2612.23,4.82,1.76,5.05,5.03,103.32
Jimmy Lambert,FF,295,93.97,96.8,2249.74,18.08,-7.29,6.22,5.82,105.38
Jimmy Lambert,KC,106,76.13,78.5,2644.11,-18.3,5.82,6.35,5.73,108.28
Jimmy Lambert,SL,206,85.64,91.1,2490.68,0.69,2.37,6.16,5.87,109.6
Joe Boyle,FF,140,97.82,100.3,2424.89,17.69,-4.79,6.38,6.66,132.57
Joe Jacques,SI,272,91.31,93.7,1996.28,-1.64,17.44,4.5,6.37,133.76
Joe Jacques,SL,152,77.15,79.4,1962.99,-0.07,-15.34,4.21,6.33,75.43
Joe Kelly,KC,112,89.41,91.9,2936.08,-8.1,5.12,5.58,5.95,168.38
Joe Kelly,SI,145,99.01,101.3,2235.81,7.44,-17.53,5.16,6.31,154.17
Joe Kelly,SL,121,91.83,95.0,2846.35,-0.34,4.92,5.51,5.99,145.77
Joe Mantiply,CH,138,81.89,84.7,1698.21,-3.46,15.4,5.16,6.51,107.41
Joe Mantiply,CU,159,80.32,83.1,2451.1,-2.83,-8.16,5.21,6.47,128.48
Joe Mantiply,SI,235,89.53,92.0,2167.06,1.92,17.7,5.2,6.46,122.83
Joe Musgrove,CH,176,87.14,89.7,2092.61,4.16,-12.99,6.18,6.11,107.34
Joe Musgrove,CU,370,81.33,83.9,2765.04,-14.43,11.1,6.49,6.11,115.66
Joe Musgrove,FC,315,90.1,92.7,2618.24,7.88,2.7,6.43,6.17,111.54
Joe Musgrove,FF,380,93.09,96.3,2581.32,12.73,-3.57,6.36,6.11,97.12
Joe Musgrove,SL,225,82.22,85.0,2792.8,-5.25,11.72,6.28,6.1,97.84
Joe Ryan,FF,1523,92.27,96.0,2216.22,14.61,-10.31,4.97,6.55,117.34
Joe Ryan,FS,731,83.93,89.9,1439.05,2.34,-12.1,5.06,6.46,115.33
Joe Ryan,SL,116,83.21,87.2,2323.22,3.31,4.52,4.98,6.38,105.85
Joe Ryan,ST,304,79.17,85.0,2539.35,0.74,13.95,5.03,6.4,93.2
Joey Wentz,CH,336,85.04,89.0,2107.08,10.82,16.36,5.96,6.55,121.16
Joey Wentz,CU,305,77.52,80.6,2488.93,-11.69,-8.92,6.05,6.41,96.52
Joey Wentz,FC,483,85.98,91.1,2363.76,6.05,-1.39,5.87,6.46,113.17
Joey Wentz,FF,802,93.38,96.2,2222.23,15.39,12.12,6.16,6.39,85.18
John Brebbia,FF,299,94.45,97.5,2352.38,17.9,-8.0,5.88,6.71,123.78
John Brebbia,SL,348,82.82,86.7,2625.28,0.13,8.86,5.89,6.86,97.45
John King,SI,139,93.81,95.6,2117.65,1.91,15.87,5.41,6.16,121.98
John Means,CH,113,80.9,83.2,2132.81,16.5,11.64,6.43,6.32,131.81
John Means,FF,142,91.66,94.2,2413.16,20.54,7.53,6.52,6.32,104.03
John Schreiber,FF,236,93.16,95.3,2205.83,8.57,-9.11,4.19,6.71,159.95
John Schreiber,SI,209,92.75,95.4,2229.23,-0.74,-14.66,4.09,6.71,111.55
John Schreiber,SL,307,80.91,83.1,2614.13,3.71,15.45,3.83,6.57,143.12
Jon Gray,CH,276,88.81,90.7,1455.23,6.81,-14.39,5.61,6.61,105.17
Jon Gray,CU,148,78.24,81.2,2499.09,-8.8,12.2,5.76,6.52,103.04
Jon Gray,FF,1014,95.7,98.1,2009.89,13.01,-9.96,5.47,6.59,92.26
Jon Gray,SL,802,87.94,91.5,2382.63,3.12,3.47,5.6,6.54,117.17
Jon Gray,ST,151,83.34,85.9,2498.65,4.26,11.55,5.65,6.47,123.26
Jonathan Hernández,SI,257,97.52,99.8,2158.07,6.54,-17.52,5.39,6.39,150.01
Jonathan Hernández,SL,241,87.33,90.4,2466.62,1.25,4.48,5.41,6.48,117.01
Jonathan Loáisiga,SI,164,97.81,99.9,2312.07,9.56,-18.18,5.53,6.54,132.31
Jordan Balazovic,FF,186,95.09,97.5,1962.81,16.71,-5.48,6.08,6.47,111.56
Jordan Hicks,SI,260,99.29,103.2,2121.67,8.03,-16.35,5.82,6.58,132.37
Jordan Lyles,CH,303,85.47,89.1,1676.94,6.45,-13.37,5.83,6.85,103.1
Jordan Lyles,CU,368,79.39,84.1,2433.43,-15.3,6.74,6.05,6.66,93.35
Jordan Lyles,FC,213,86.77,89.5,2411.19,6.67,3.8,6.01,6.8,138.55
Jordan Lyles,FF,849,91.22,94.0,2250.24,16.28,-6.1,5.94,6.89,97.0
Jordan Lyles,SI,365,90.49,93.0,2135.64,11.58,-12.77,5.91,6.94,98.71
Jordan Lyles,ST,684,80.18,83.9,2514.71,1.26,14.13,5.89,6.72,94.07
Jordan Montgomery,CH,229,83.26,86.7,1623.07,13.71,8.7,6.67,6.63,113.36
Jordan Montgomery,CU,227,80.45,83.0,2325.63,-6.12,-2.78,6.71,6.57,109.84
Jordan Montgomery,FF,123,93.12,94.7,2289.31,15.95,5.68,6.75,6.54,91.64
Jordan Montgomery,SI,386,93.12,95.5,2158.59,10.74,15.63,6.78,6.55,118.05
Jordan Romano,FF,416,96.71,99.9,2325.76,17.53,-4.09,5.95,7.54,183.46
Jordan Romano,SL,493,86.85,91.1,2179.42,-2.54,4.49,5.93,7.42,123.7
Jorge Alcala,SL,133,87.97,91.6,2511.12,4.55,3.0,6.58,5.81,102.66
Jorge López,FF,121,96.93,99.1,2072.65,14.44,-11.41,5.79,6.34,102.36
Jorge López,KC,153,83.91,87.7,2496.44,-10.9,8.31,5.8,6.18,114.33
Jorge López,SI,225,96.76,99.6,2011.18,8.61,-16.9,5.69,6.39,117.74
Jorge López,SL,125,88.47,91.6,2365.1,2.16,5.57,5.72,6.26,115.63
Jose Cuas,FF,129,92.2,94.5,2359.64,9.4,-11.96,4.09,6.33,206.07
Jose Cuas,SI,343,92.56,94.7,2483.99,1.02,-17.75,4.07,6.4,89.6
Jose Cuas,SL,238,82.37,85.3,2609.45,-2.11,3.9,4.02,6.33,115.51
Josh Fleming,CH,218,82.86,85.7,1663.26,-2.22,14.06,5.22,6.72,110.34
Josh Fleming,CU,168,76.54,79.3,2264.98,1.11,-14.66,5.22,6.62,115.77
Josh Fleming,SI,330,90.26,93.2,1753.56,1.07,17.3,5.25,6.4,162.24
Josh Hader,SI,752,96.06,98.4,2137.75,18.84,7.45,5.64,6.79,209.9
Josh Hader,SL,234,85.71,89.3,2387.98,1.73,-2.0,5.32,6.73,134.73
Josh Sborz,CU,214,85.19,88.3,2241.24,-11.33,11.73,6.21,6.03,133.76
Josh Sborz,FF,302,96.86,99.2,2315.5,18.6,-6.04,6.32,6.09,137.35
Josh Sborz,SL,317,88.6,91.1,2112.8,1.96,0.89,6.17,6.17,112.89
Josh Staumont,FF,167,95.58,99.5,2257.44,18.08,-3.09,6.39,6.71,124.68
Josh Taylor,FF,126,92.75,94.6,2210.24,13.88,-0.13,5.86,6.87,112.11
Josh Taylor,SL,144,85.25,87.9,2273.44,1.21,-6.27,5.84,6.87,110.93
Josh Winckowski,FC,491,88.82,94.5,2206.86,0.31,4.53,6.02,6.6,142.2
Josh Winckowski,SI,517,96.28,99.0,2052.37,10.02,-14.18,5.95,6.61,98.87
Josh Winckowski,SL,224,85.46,88.5,2295.49,-3.05,6.77,6.04,6.63,94.71
Josh Winder,CH,139,89.02,91.2,1305.19,4.63,-11.89,5.97,6.29,103.56
Josh Winder,FF,137,94.54,96.6,2061.37,15.29,-8.11,6.02,6.15,81.1
Josh Winder,SL,190,85.06,87.5,2198.31,0.62,1.93,5.92,6.09,94.76
José Berríos,CH,543,84.11,88.5,1436.36,4.44,-14.25,5.49,6.68,97.93
José Berríos,FF,599,94.25,97.4,2226.78,15.86,-8.89,5.68,6.51,112.73
José Berríos,SI,923,93.83,97.0,2117.59,11.95,-15.64,5.72,6.58,108.96
José Berríos,SV,867,82.62,86.6,2376.44,-5.06,15.55,5.6,6.35,103.03
José Cisnero,FC,136,88.7,92.6,2600.19,5.59,3.12,5.4,6.1,135.65
José Cisnero,FF,362,95.82,98.3,2435.95,15.57,-10.29,5.36,6.11,134.57
José Cisnero,SI,211,95.54,97.5,2276.73,9.16,-16.9,5.28,6.08,116.23
José Cisnero,SL,178,84.56,87.2,2566.07,-2.96,5.59,5.46,6.05,102.69
José De León,FF,148,93.77,96.1,2188.97,16.56,-10.71,4.86,6.72,173.31
José Leclerc,CH,129,88.31,91.6,2069.14,12.39,-13.0,5.99,5.63,102.0
José Leclerc,FC,156,90.13,94.1,2613.12,6.46,4.71,5.97,5.58,122.86
José Leclerc,FF,336,95.14,98.8,2543.0,18.14,-3.03,6.08,5.6,152.36
José Leclerc,SL,308,82.78,87.1,2494.67,5.72,7.21,5.88,5.6,114.44
José Quijada,FF,131,94.42,97.5,2204.79,16.1,5.67,5.22,6.69,147.43
José Ruiz,CH,107,89.64,91.7,1748.06,9.48,-14.83,6.22,6.02,92.73
José Ruiz,CU,285,85.75,88.6,2131.11,-3.9,0.9,6.24,5.97,127.98
José Ruiz,FF,257,96.47,98.4,2273.59,16.97,-5.67,6.31,6.02,115.45
José Ruiz,SI,166,96.16,98.1,2109.09,11.31,-13.23,6.24,6.0,100.01
José Soriano,CU,276,86.75,88.7,2225.22,-8.23,11.3,6.02,6.56,178.02
José Soriano,FF,169,98.83,100.9,2149.2,11.62,-11.76,5.92,6.47,104.4
José Soriano,SI,188,96.63,99.8,1797.63,4.32,-15.8,5.91,6.55,194.33
José Suarez,CH,160,82.02,86.5,1583.72,5.93,12.94,5.42,6.17,99.19
José Suarez,FF,245,92.28,94.9,2286.05,16.56,9.69,5.42,6.08,110.55
José Ureña,CH,117,87.3,90.2,1707.24,10.06,-14.7,5.85,6.54,99.04
José Ureña,SI,151,94.92,97.5,2202.83,9.59,-17.37,5.8,6.5,111.95
José Ureña,SL,101,85.65,90.2,2318.59,8.36,0.7,5.87,6.47,112.09
José Urquidy,CH,237,86.1,88.9,2099.72,11.46,-17.01,6.0,6.01,102.3
José Urquidy,CU,126,79.57,82.8,2697.0,-12.21,9.0,6.14,5.94,90.61
José Urquidy,FF,420,93.1,95.7,2253.76,19.49,-8.15,6.31,5.85,107.1
José Urquidy,SI,105,93.72,96.5,2137.33,13.42,-14.92,5.94,6.07,104.77
José Urquidy,ST,205,80.64,83.1,2649.07,1.95,14.45,5.8,6.0,98.9
Jovani Moran,CH,353,83.19,86.1,1691.88,8.16,13.68,5.81,6.62,106.5
Jovani Moran,FF,341,93.3,96.1,2268.37,17.43,3.61,5.71,6.83,126.28
Justin Garza,SI,161,94.64,96.8,2219.99,16.32,-7.77,5.47,6.05,183.98
Justin Martinez,FF,142,100.53,102.7,2242.23,14.46,-11.13,6.2,6.39,121.98
Justin Topa,FC,194,92.44,94.9,2255.54,8.02,-2.74,5.0,6.04,125.77
Justin Topa,SI,465,95.03,97.6,2102.06,-0.24,-17.47,4.88,6.13,113.51
Justin Topa,SL,312,82.84,85.2,2570.65,2.63,13.98,4.87,5.92,116.55
Justin Verlander,CU,226,77.95,81.1,2685.93,-13.28,6.94,6.99,5.89,78.48
Justin Verlander,FF,527,94.38,97.0,2426.14,19.23,-8.26,7.04,5.94,113.15
Justin Verlander,SL,233,86.87,91.0,2487.54,4.37,4.28,7.0,5.9,111.63
Kaleb Ort,FF,275,95.8,99.4,2299.59,17.59,-9.56,5.43,6.3,148.29
Keaton Winn,FF,151,96.0,99.1,2277.04,14.5,-10.71,6.27,6.14,86.54
Keaton Winn,FS,328,88.75,91.9,1523.86,-1.22,-12.98,6.12,6.25,128.86
Keegan Akin,FF,271,93.57,96.3,2307.03,17.07,12.24,5.98,5.81,123.13
Keegan Akin,SL,112,86.07,88.7,2183.28,2.7,-3.87,5.81,5.79,88.22
Ken Waldichuk,CH,421,84.23,87.2,1618.72,5.54,15.89,5.36,6.97,106.82
Ken Waldichuk,FF,1386,93.34,97.3,2300.37,15.23,10.18,5.53,6.97,116.05
Ken Waldichuk,ST,691,81.11,85.7,2088.89,0.55,-12.86,5.38,6.91,102.42
Kendall Graveman,CH,100,88.45,91.2,1715.25,5.6,-14.26,5.7,6.48,111.59
Kendall Graveman,FF,249,95.94,98.1,2338.35,16.12,-8.94,5.76,6.39,112.89
Kendall Graveman,SI,431,95.94,98.5,2263.4,10.41,-16.3,5.8,6.47,141.55
Kendall Graveman,SL,296,87.11,91.0,2525.43,1.58,5.22,5.76,6.5,112.58
Kenley Jansen,FC,567,94.28,98.7,2628.42,18.08,1.57,6.19,6.83,132.63
Kenny Rosenberg,CH,204,80.63,85.0,1544.93,11.13,10.03,5.99,5.58,85.38
Kenny Rosenberg,FF,234,90.73,93.6,2173.87,17.99,8.48,6.06,5.67,95.04
Kenta Maeda,FF,466,90.97,93.7,2271.69,15.08,-6.79,5.77,6.12,88.67
Kenta Maeda,FS,541,84.11,87.1,1406.13,0.32,-10.8,5.8,6.11,109.03
Kenta Maeda,SI,109,90.27,92.8,2240.44,9.25,-14.26,5.77,6.09,78.24
Kenta Maeda,SL,518,81.59,85.0,2592.98,2.77,7.48,5.68,6.08,102.6
Kevin Gausman,FF,1556,94.67,99.3,2278.32,16.91,-10.62,5.79,6.55,119.98
Kevin Gausman,FS,1172,86.32,91.6,1787.36,4.67,-16.33,5.66,6.63,143.55
Kevin Gausman,SL,312,83.97,88.7,2236.08,4.64,1.02,5.66,6.54,105.46
Kevin Ginkel,FF,497,95.68,98.0,2396.17,14.77,-9.73,6.39,6.9,106.61
Kevin Ginkel,SI,102,94.85,96.8,2297.36,10.58,-16.54,6.37,6.97,163.26
Kevin Ginkel,SL,454,86.66,89.6,2410.46,-2.27,3.27,6.49,6.77,111.38
Kevin Kelly,FC,107,86.98,91.0,2283.92,7.54,1.0,3.78,7.29,178.85
Kevin Kelly,SI,509,90.56,93.1,2163.6,-0.24,-17.77,3.78,7.36,231.19
Kevin Kelly,ST,435,76.32,80.1,2506.36,6.5,20.23,3.66,7.19,167.47
Keynan Middleton,CH,367,87.72,92.0,1872.7,6.59,-14.1,5.89,6.74,110.21
Keynan Middleton,FF,225,95.51,98.2,2391.69,16.8,-8.06,5.78,6.79,117.99
Keynan Middleton,SL,263,85.82,89.1,2404.59,3.04,3.41,5.77,6.81,118.53
Kris Bubic,FF,101,91.51,95.8,2176.02,15.49,6.31,5.56,6.9,103.08
Kutter Crawford,FC,594,88.56,92.1,2422.48,9.13,4.37,5.94,6.22,115.17
Kutter Crawford,FF,820,93.63,97.0,2488.4,18.98,-9.46,5.98,6.22,121.42
Kutter Crawford,FS,162,82.42,85.8,1026.96,6.29,-8.4,5.92,6.15,91.63
Kutter Crawford,KC,249,79.46,83.1,2236.52,-12.97,7.9,6.02,6.1,93.75
Kutter Crawford,SL,129,82.84,87.1,2296.33,4.59,6.49,5.84,6.27,103.41
Kutter Crawford,ST,138,82.2,85.6,2284.21,3.24,12.42,5.85,6.22,81.8
Kyle Bradish,CH,217,90.78,94.3,1382.88,7.67,-12.26,6.29,6.27,109.76
Kyle Bradish,CU,457,84.81,87.9,2614.82,-12.83,5.51,6.41,6.38,110.73
Kyle Bradish,FF,591,94.48,97.0,2383.46,12.58,2.85,6.32,6.5,92.69
Kyle Bradish,SI,544,94.98,97.9,2216.71,11.42,-11.1,6.18,6.53,105.65
Kyle Bradish,SL,820,88.07,91.6,2649.82,-0.1,12.5,6.2,6.42,110.47
Kyle Gibson,CH,516,85.49,88.7,1679.1,4.14,-13.98,6.22,6.89,125.01
Kyle Gibson,CU,252,79.46,82.8,2446.2,-7.42,6.39,6.28,6.83,99.83
Kyle Gibson,FC,496,89.84,92.5,2351.79,10.62,1.27,6.24,6.87,119.97
Kyle Gibson,FF,405,92.1,95.1,2259.57,16.57,-5.53,6.35,6.86,92.76
Kyle Gibson,SI,794,91.93,94.6,2116.17,8.16,-14.34,6.32,6.93,124.31
Kyle Gibson,ST,559,81.62,85.0,2458.93,1.17,10.65,6.16,6.87,112.24
Kyle Harrison,FF,357,93.55,97.6,2239.69,14.23,13.09,5.07,6.73,112.37
Kyle Harrison,SV,156,82.24,85.0,2010.93,-4.59,-9.8,4.96,6.53,103.32
Kyle Muller,CH,118,87.91,93.9,1627.12,6.21,12.81,6.04,6.43,102.84
Kyle Muller,CU,215,81.23,84.8,2332.53,-9.54,-3.83,6.24,6.27,83.92
Kyle Muller,FF,751,93.55,98.0,2410.1,13.2,5.62,6.04,6.5,94.81
Kyle Muller,SL,368,87.09,90.6,2080.04,3.78,-0.31,6.06,6.42,101.38
Kyle Nelson,FF,281,92.04,94.6,2209.89,15.82,4.59,5.63,6.11,98.05
Kyle Nelson,SL,513,85.42,88.0,2687.25,1.18,-5.13,5.62,5.95,110.58
Lance Lynn,CH,155,84.89,87.8,1814.5,5.97,-14.13,5.42,6.64,104.38
Lance Lynn,CU,158,80.65,83.5,2504.5,-1.36,14.37,5.42,6.55,145.94
Lance Lynn,FC,547,88.37,92.0,2591.06,5.24,2.99,5.55,6.56,129.5
Lance Lynn,FF,856,92.44,95.4,2429.8,13.31,-2.89,5.65,6.56,139.61
Lance Lynn,SI,277,91.16,94.4,2256.35,6.26,-10.95,5.56,6.62,116.23
Lane Ramsey,FF,166,94.48,97.1,2430.49,16.68,-9.14,6.15,6.82,120.67
Lane Ramsey,SL,174,86.64,89.3,2426.34,5.79,2.96,6.04,6.84,113.87
Logan Allen,CH,446,82.7,85.5,894.08,2.28,2.39,5.22,6.49,115.87
Logan Allen,FC,185,86.38,90.6,2221.77,7.01,-4.08,5.23,6.5,109.42
Logan Allen,FF,960,91.4,93.8,2149.77,16.1,4.06,5.24,6.54,119.38
Logan Allen,ST,467,78.72,82.3,2266.87,-0.88,-15.37,5.21,6.43,96.62
Logan Gilbert,FF,1221,95.68,98.3,2000.18,17.0,-6.14,6.19,7.53,133.28
Logan Gilbert,FS,431,85.57,89.1,905.53,4.03,-7.3,6.14,7.28,134.26
Logan Gilbert,KC,391,80.31,85.7,2324.39,-12.57,7.13,6.34,7.07,115.34
Logan Gilbert,SL,864,88.66,92.4,2008.54,0.34,0.81,6.19,7.34,132.93
Logan Webb,CH,1314,87.46,90.6,1476.04,-4.44,-11.26,4.96,7.01,134.1
Logan Webb,FF,117,92.64,94.3,1980.19,10.04,-9.78,5.12,6.95,95.42
Logan Webb,SI,1057,92.29,95.2,1874.3,0.85,-16.0,5.11,6.95,169.05
Logan Webb,SL,657,84.29,88.5,2558.98,0.47,12.3,4.98,6.88,153.34
Louie Varland,CH,122,85.9,91.2,1545.58,6.7,-14.27,5.31,6.98,99.07
Louie Varland,FC,346,89.32,94.0,2365.11,6.12,4.06,5.53,6.89,134.21
Louie Varland,FF,455,95.33,100.4,2220.04,16.25,-7.71,5.44,6.94,128.88
Louie Varland,SL,141,83.85,87.8,2451.72,-0.74,10.13,5.47,6.88,125.37
Lucas Erceg,CH,232,90.27,92.4,1921.93,7.0,-16.91,6.03,6.74,118.66
Lucas Erceg,FF,288,97.94,100.6,2103.86,14.66,-8.83,6.19,6.68,114.24
Lucas Erceg,SI,327,98.02,100.4,1851.96,10.97,-15.37,6.19,6.75,176.54
Lucas Erceg,SL,163,86.29,90.5,1956.64,-0.84,0.57,6.15,6.63,107.8
Lucas Giolito,CH,900,80.93,84.6,1546.85,10.98,-12.8,6.29,6.78,120.61
Lucas Giolito,FF,1335,93.11,96.7,2173.36,18.14,-5.5,6.33,6.88,103.33
Lucas Giolito,SL,899,83.97,88.8,1977.58,0.56,1.65,6.34,6.7,96.0
Luis Castillo,CH,498,88.35,91.2,1905.59,1.35,-17.79,4.9,5.67,120.3
Luis Castillo,FF,1404,96.27,99.2,2286.74,13.56,-11.98,5.2,5.54,149.46
Luis Castillo,SI,569,95.85,99.2,2098.02,4.84,-18.51,5.09,5.56,105.45
Luis Castillo,SL,700,85.68,89.9,2346.41,0.19,1.11,5.02,5.49,123.44
Luis Frías,FC,257,90.49,95.4,2215.81,6.22,3.37,6.37,6.24,122.16
Luis Frías,FF,205,96.06,98.9,2243.2,16.45,-5.1,6.41,6.26,106.12
Luis Garcia,FC,201,85.35,87.5,2328.86,7.52,3.9,6.4,6.11,116.93
Luis Garcia,FF,144,92.72,95.8,2413.44,17.98,-9.27,6.39,6.04,92.24
Luis García,FF,137,97.01,99.6,2222.39,12.56,-7.81,6.21,6.67,100.49
Luis García,SI,442,97.29,100.5,2160.11,10.5,-14.45,6.23,6.75,129.81
Luis García,SL,349,81.3,84.8,2519.34,2.6,13.52,6.07,6.64,130.4
Luis Medina,CH,161,87.32,90.8,1444.94,5.91,-14.7,6.19,6.34,113.5
Luis Medina,CU,225,79.64,84.4,2352.9,-12.12,6.46,6.31,6.33,92.24
Luis Medina,FF,788,96.04,100.2,2324.44,16.51,-5.86,6.27,6.43,125.03
Luis Medina,SI,264,95.47,99.6,2349.65,12.37,-15.32,6.3,6.44,141.64
Luis Medina,SL,444,85.27,90.0,2262.32,0.07,3.09,5.97,6.42,105.77
Luis Patiño,FF,104,94.96,96.9,2261.37,17.36,-5.88,6.05,6.83,117.36
Luis Patiño,SI,119,94.41,96.8,2144.27,10.15,-14.91,5.97,6.76,114.92
Luis Patiño,SL,112,86.27,89.4,2373.67,2.49,6.66,5.95,6.83,109.86
Luis Severino,CH,304,86.69,91.0,1559.93,8.57,-13.39,5.95,6.43,95.49
Luis Severino,FC,244,90.67,95.7,2401.22,4.86,4.29,6.01,6.33,131.61
Luis Severino,FF,740,96.47,100.2,2265.64,15.95,-7.45,6.15,6.19,104.69
Luis Severino,SL,303,84.64,88.8,2671.6,-1.93,10.34,5.92,6.28,106.47
Luke Jackson,FF,143,94.45,96.7,2206.94,17.33,-4.95,6.44,6.87,107.19
Luke Jackson,SL,367,87.25,90.0,2181.68,-4.59,-0.57,6.38,6.75,101.69
Luke Weaver,FC,135,90.05,92.9,2398.08,13.35,1.27,5.72,5.81,90.37
Luke Weaver,FF,196,94.07,96.9,2340.51,15.81,-7.88,5.79,5.85,113.47
Madison Bumgarner,FC,122,86.22,88.1,2244.39,8.16,-2.81,5.65,6.68,89.46
Madison Bumgarner,FF,116,89.49,91.4,2160.32,15.31,6.12,5.65,6.71,78.61
Marco Gonzales,CH,245,79.86,81.9,2164.25,5.64,17.58,5.25,6.42,100.61
Marco Gonzales,CU,195,79.27,81.8,2207.02,-9.86,-2.07,5.29,6.34,91.48
Marco Gonzales,FF,297,89.04,91.3,2030.58,14.84,13.38,5.6,6.55,78.69
Martín Pérez,CH,586,84.09,89.7,1680.04,8.49,14.72,5.62,5.94,104.51
Martín Pérez,FC,492,89.21,93.6,2178.77,12.55,2.54,5.57,5.92,83.26
Martín Pérez,SI,946,91.6,95.1,1963.75,9.76,16.42,5.61,5.93,94.58
Mason Englert,CH,256,83.62,86.5,1989.5,-0.76,-13.84,5.52,6.36,117.01
Mason Englert,FF,290,91.14,93.5,2166.09,15.07,-11.76,5.7,6.16,84.61
Mason Englert,SL,348,84.31,87.6,2174.55,3.47,-0.25,5.63,6.17,108.14
Mason Miller,FF,337,98.31,102.5,2379.99,17.45,-7.75,6.23,6.63,152.86
Mason Miller,SL,145,85.82,88.7,2301.29,-1.94,8.39,6.09,6.62,119.11
Matt Brash,FF,433,98.07,100.6,2273.55,13.21,-9.66,5.09,6.49,134.52
Matt Brash,KC,111,85.82,88.6,2978.34,-5.39,13.63,5.11,6.61,146.57
Matt Brash,SL,656,88.8,92.7,2826.18,3.36,11.78,5.11,6.5,148.77
Matt Festa,FF,100,91.78,94.5,2351.64,13.28,-2.14,4.93,6.42,132.11
Matt Manning,CU,204,79.54,83.1,2245.26,-11.68,9.31,5.62,6.77,102.44
Matt Manning,FF,561,93.36,97.9,2136.53,16.51,-3.51,5.43,7.1,141.74
Matt Manning,SL,373,81.93,85.7,2256.41,8.19,9.94,5.38,6.83,124.22
Matt Moore,CH,240,84.25,86.5,2020.25,7.95,16.93,6.36,6.34,120.45
Matt Moore,FF,369,94.03,96.5,2322.66,17.48,9.69,6.29,6.24,99.91
Matt Moore,KC,152,84.28,86.2,2341.4,-9.14,-2.44,6.37,6.32,111.06
Matt Waldron,FF,138,91.29,94.4,2046.09,15.38,-7.54,5.58,6.63,85.98
Matt Waldron,KN,181,76.58,84.2,318.34,-2.65,-3.47,5.55,6.34,
Matt Waldron,SI,158,91.31,95.4,2010.72,8.45,-16.15,5.47,6.61,92.3
Matt Waldron,SL,107,79.82,82.6,2300.82,3.78,15.42,5.44,6.53,95.15
Matthew Boyd,CH,220,80.17,83.9,1890.03,5.02,13.78,5.37,6.38,105.56
Matthew Boyd,FF,455,91.41,94.8,2502.98,14.97,11.01,5.45,6.45,101.07
Matthew Boyd,SL,334,79.65,84.0,2438.03,-1.66,-4.97,5.06,6.33,107.03
Mauricio Llovera,SI,392,94.53,97.4,2082.56,6.99,-16.2,5.34,6.3,100.92
Mauricio Llovera,SL,211,82.75,85.9,2555.42,1.22,15.29,5.37,6.14,113.15
Max Castillo,FF,145,93.39,95.3,2188.58,14.07,-13.12,5.93,6.82,96.43
Max Castillo,SL,107,83.58,87.1,2397.11,5.45,4.04,5.87,6.75,111.81
Max Scherzer,CH,101,84.22,86.6,1320.99,2.53,-14.47,5.37,6.41,109.78
Max Scherzer,CU,101,75.56,78.0,2658.43,-9.17,14.33,5.6,6.33,119.7
Max Scherzer,FF,331,94.03,96.1,2308.89,16.14,-10.42,5.54,6.21,139.15
Max Scherzer,SL,108,84.59,86.4,2218.07,2.13,3.3,5.37,6.15,106.77
Merrill Kelly,CH,647,88.67,93.3,2138.47,0.93,-15.67,5.56,6.21,117.35
Merrill Kelly,CU,308,82.13,85.4,2569.04,-10.39,8.86,5.69,6.15,105.38
Merrill Kelly,FC,508,90.82,94.0,2349.94,12.38,-1.3,5.46,6.18,93.59
Merrill Kelly,FF,840,92.18,95.3,2345.3,14.72,-7.35,5.45,6.2,90.79
Merrill Kelly,SI,340,92.42,95.9,2203.91,6.46,-15.47,5.47,6.27,101.52
Merrill Kelly,SL,155,85.44,89.5,2320.46,3.2,1.59,5.53,6.23,102.97
Michael Kelly,ST,145,83.31,85.2,2735.41,-2.58,17.65,5.96,6.04,98.8
Michael King,CH,243,87.24,89.5,2129.16,7.3,-17.37,5.53,6.44,112.7
Michael King,FF,380,94.74,98.2,2395.16,15.66,-6.44,5.87,6.28,116.53
Michael King,SI,556,94.05,97.5,2312.84,5.86,-16.54,5.64,6.33,124.79
Michael King,ST,493,81.79,85.7,2785.16,1.74,18.03,5.57,6.31,108.07
Michael Kopech,CH,180,88.66,92.6,1794.24,7.51,-14.63,5.51,6.88,95.31
Michael Kopech,FF,1490,95.16,99.9,2501.14,17.23,-9.0,5.71,6.84,146.29
Michael Kopech,SL,657,84.83,90.0,2339.62,0.03,5.44,5.65,6.66,107.14
Michael Lorenzen,CH,331,84.94,92.7,2123.57,9.63,-15.77,5.71,5.84,111.71
Michael Lorenzen,FF,538,94.41,97.5,2467.9,16.01,-11.86,5.71,5.81,118.04
Michael Lorenzen,SI,181,93.69,96.3,2349.31,11.34,-15.8,5.74,5.85,99.81
Michael Lorenzen,SL,384,84.94,88.5,2567.26,-0.96,2.51,5.62,5.89,122.1
Michael Lorenzen,ST,121,82.98,85.4,2583.91,-0.04,10.8,5.57,5.89,115.49
Michael Wacha,CH,765,81.61,85.2,1521.91,9.52,-13.97,6.65,6.65,125.78
Michael Wacha,CU,245,74.04,77.4,2149.92,-12.03,11.96,6.58,6.61,109.01
Michael Wacha,FC,276,86.94,90.1,2035.72,10.96,0.68,6.45,6.75,80.82
Michael Wacha,FF,635,91.99,95.5,2050.22,18.66,-7.32,6.61,6.69,82.06
Michael Wacha,SI,297,91.89,95.7,1897.01,15.1,-14.27,6.47,6.73,124.71
Miguel Castro,CH,160,91.44,93.9,1854.42,2.0,-16.8,5.09,7.04,131.16
Miguel Castro,SI,427,96.81,99.2,2152.82,4.55,-17.5,4.98,6.81,154.81
Miguel Castro,SL,416,83.85,86.9,2799.39,1.86,10.47,4.99,6.64,127.73
Mike Baumann,FF,550,96.41,99.3,2231.72,17.35,-8.13,6.11,6.64,119.58
Mike Baumann,KC,271,87.4,90.7,2366.34,-7.66,1.65,6.11,6.55,158.06
Mike Baumann,SL,222,91.71,95.7,2264.92,6.83,1.33,6.02,6.6,93.85
Mike Clevinger,CH,270,86.09,93.0,1529.77,9.02,-13.89,5.77,6.86,104.25
Mike Clevinger,FC,171,84.96,89.3,2392.47,1.22,4.52,5.87,6.71,133.94
Mike Clevinger,FF,1001,94.33,97.6,2266.69,17.42,-7.25,5.74,6.8,123.3
Mike Clevinger,SL,570,79.42,83.5,2352.89,-2.77,15.15,5.81,6.57,88.88
Mike Mayers,FF,140,92.93,95.5,2283.1,16.71,-7.98,5.55,6.39,108.98
Mike Mayers,SL,142,83.85,86.3,2160.98,-1.97,3.8,5.61,6.22,100.12
Mitch White,SL,105,88.36,91.1,2281.11,3.37,2.52,5.96,6.23,104.46
Nabil Crismatt,CH,123,81.29,83.0,1637.57,1.63,-13.02,5.46,7.03,116.26
Nate Pearson,CU,105,80.38,84.0,2586.22,-11.93,11.99,5.81,6.72,136.11
Nate Pearson,FF,456,97.85,101.9,2303.56,17.57,-7.47,5.55,6.9,177.96
Nate Pearson,SL,175,87.39,91.6,2573.27,0.02,7.14,5.54,6.88,116.29
Nathan Eovaldi,CU,300,75.97,79.1,1955.52,-8.61,9.18,5.7,6.78,112.81
Nathan Eovaldi,FC,390,90.59,94.8,2324.83,10.05,0.57,5.52,6.86,105.73
Nathan Eovaldi,FF,824,95.14,99.1,2168.07,13.69,-12.47,5.41,6.86,103.58
Nathan Eovaldi,FS,610,87.89,91.9,1641.05,1.56,-13.43,5.58,6.88,145.42
Nestor Cortes,FC,307,86.63,91.0,2399.72,8.11,-4.59,5.66,5.84,109.28
Nestor Cortes,FF,555,91.6,95.6,2273.03,19.49,4.0,5.88,5.98,113.26
Nestor Cortes,ST,147,76.24,80.6,2579.87,1.88,-17.04,5.33,5.65,87.02
Nick Martinez,CH,504,80.72,84.2,2001.9,5.09,-12.5,6.23,5.99,123.59
Nick Martinez,CU,337,81.82,84.9,2558.6,-15.26,0.75,6.14,5.93,103.75
Nick Martinez,FC,289,89.44,92.5,2357.47,11.48,1.11,6.1,5.93,82.36
Nick Martinez,FF,229,93.29,96.1,2374.16,17.33,-6.2,6.09,5.98,106.6
Nick Martinez,SI,391,92.94,95.9,2366.82,14.83,-14.27,6.12,6.02,114.47
Nick Pivetta,CU,588,79.37,84.0,2795.74,-17.28,7.95,6.61,6.71,101.7
Nick Pivetta,FC,185,88.34,91.4,2421.23,4.14,5.52,6.59,6.87,164.54
Nick Pivetta,FF,1205,94.62,97.4,2347.2,20.04,-4.04,6.63,6.91,136.82
Nick Pivetta,SL,265,86.61,90.9,2392.29,4.03,6.27,6.44,6.85,113.98
Nick Pivetta,ST,128,84.15,87.1,2494.34,4.77,14.16,6.46,6.8,135.91
Nick Ramirez,CH,184,79.07,81.2,1582.3,6.46,16.02,5.9,5.81,105.0
Nick Ramirez,SI,265,89.07,92.2,2038.89,3.68,16.35,5.9,5.79,137.29
Nick Ramirez,ST,179,79.24,81.9,2470.28,-1.53,-16.68,5.8,5.78,82.72
Nick Robertson,FF,110,95.76,97.7,2133.36,16.47,-7.23,5.88,7.13,127.44
Nick Sandlin,FF,273,92.1,94.4,2317.83,10.9,-12.26,4.43,6.62,111.31
Nick Sandlin,SI,183,92.41,94.6,2153.01,1.98,-16.07,4.4,6.61,108.37
Nick Sandlin,SL,497,79.15,83.2,2601.18,6.96,9.9,3.95,6.42,122.89
Nick Vespi,FF,101,89.0,91.3,2235.0,5.31,-2.45,6.23,5.78,114.98
Nick Wittgren,FF,170,91.99,94.2,2149.48,14.43,-9.07,5.85,7.03,104.42
Nick Wittgren,SL,171,82.98,85.4,2386.19,2.07,10.44,5.69,6.86,108.89
Noah Syndergaard,FF,135,91.88,94.8,2189.39,15.47,-6.92,6.38,6.56,69.14
Pablo López,CH,631,88.36,91.7,2066.73,5.79,-16.51,5.53,7.11,125.07
Pablo López,CU,375,82.47,86.1,2654.95,-10.31,8.95,5.72,7.09,143.31
Pablo López,FF,1042,94.88,97.9,2262.06,14.29,-5.01,5.53,7.19,126.47
Pablo López,SI,320,94.46,96.8,2113.61,8.26,-14.17,5.57,7.16,128.84
Pablo López,ST,643,84.39,88.8,2494.38,-0.2,13.18,5.38,7.21,145.97
Patrick Sandoval,CH,670,82.98,86.1,1780.16,10.32,14.25,6.0,6.25,107.89
Patrick Sandoval,CU,232,76.51,79.8,2721.93,-13.08,-8.5,6.16,6.2,110.64
Patrick Sandoval,FF,665,93.03,97.1,1988.71,16.78,4.36,6.18,6.14,98.17
Patrick Sandoval,SI,290,93.25,97.7,1895.0,13.57,13.27,6.12,6.14,112.76
Patrick Sandoval,SL,667,86.97,91.4,2463.92,3.53,-6.16,6.18,6.1,114.26
Paul Blackburn,CH,208,86.0,92.9,1685.31,6.64,-12.32,6.0,6.39,99.75
Paul Blackburn,CU,218,79.07,82.0,2548.21,-16.11,6.69,6.02,6.27,112.97
Paul Blackburn,FC,383,88.86,92.0,2417.46,6.97,4.46,5.96,6.34,123.04
Paul Blackburn,FF,272,91.92,94.6,2166.57,16.13,-5.94,5.96,6.39,87.5
Paul Blackburn,SI,452,91.75,94.7,2008.39,10.0,-12.82,5.94,6.39,73.12
Paul Blackburn,SL,340,80.82,83.6,2604.86,-6.72,14.89,5.88,6.34,94.12
Paul Sewald,FF,586,92.18,94.9,2513.83,13.68,-10.52,4.38,6.63,182.19
Paul Sewald,ST,440,83.85,86.2,2474.09,9.13,11.11,4.47,6.56,123.12
Pedro Avila,CH,229,83.82,87.1,1645.41,3.14,-2.73,5.54,6.4,124.99
Pedro Avila,CU,188,77.48,82.4,2691.4,-14.25,9.41,5.67,6.39,100.96
Pedro Avila,FF,290,94.03,97.4,2234.36,13.81,-5.59,5.59,6.37,103.49
Pedro Avila,SI,188,93.34,96.1,2281.33,8.56,-14.95,5.56,6.39,104.68
Penn Murfee,ST,129,78.95,80.8,2566.95,0.2,17.17,4.17,6.34,98.17
Pete Fairbanks,FF,361,98.9,101.3,2453.89,19.03,-0.17,6.78,6.67,173.73
Pete Fairbanks,SL,366,86.77,89.7,2511.25,-6.98,4.01,6.95,6.56,99.49
Peter Solomon,FF,129,93.16,95.6,2236.15,15.72,-3.1,6.35,6.41,92.53
Peyton Battenfield,FC,225,87.26,90.5,2319.55,7.5,3.01,6.73,6.28,125.72
Peyton Battenfield,FF,245,90.82,93.3,2361.37,18.29,-2.97,6.83,6.32,114.51
Phil Maton,CU,418,73.76,78.6,3156.21,-10.71,18.48,5.39,7.17,186.22
Phil Maton,FF,330,89.03,91.5,2564.95,9.99,4.24,5.4,7.18,167.04
Phil Maton,ST,242,79.66,83.3,2684.63,2.9,18.87,5.34,7.11,98.32
Rafael Montero,CH,277,91.45,93.4,2056.66,5.77,-16.38,4.86,6.44,89.5
Rafael Montero,FF,615,96.08,98.3,2352.47,15.58,-9.08,5.12,6.3,155.04
Rafael Montero,SI,184,95.46,97.5,2215.82,8.51,-16.19,5.08,6.32,135.75
Rafael Montero,SL,175,88.31,90.9,2311.82,4.22,5.36,5.07,6.35,129.54
Randy Vásquez,FC,111,87.68,92.0,2683.32,4.87,3.71,5.75,6.2,122.03
Randy Vásquez,FF,174,94.4,97.2,2379.93,14.71,-7.43,5.86,6.29,110.07
Randy Vásquez,SI,150,94.2,96.9,2327.0,11.7,-15.04,5.85,6.26,115.39
Ray Kerr,CU,185,82.47,85.3,1921.03,-2.72,-0.29,5.58,6.15,121.77
Ray Kerr,FF,217,95.97,98.9,2243.42,14.16,9.4,5.69,6.04,111.25
Reese Olson,CH,260,87.76,90.1,2086.94,0.04,-13.37,5.82,5.87,121.99
Reese Olson,FF,488,94.78,97.2,2280.07,14.56,-9.55,5.96,5.98,104.61
Reese Olson,SI,339,94.75,96.8,2133.49,9.59,-15.78,5.97,5.97,116.4
Reese Olson,SL,523,84.81,88.8,2987.06,-2.95,7.79,5.92,5.9,108.26
Reid Detmers,CH,140,84.87,87.9,1493.18,8.02,12.7,6.05,5.79,87.87
Reid Detmers,CU,505,74.72,79.4,2414.09,-14.82,-11.44,6.26,5.63,78.81
Reid Detmers,FF,1118,94.32,97.7,2094.62,15.72,10.98,5.99,6.01,86.21
Reid Detmers,SL,800,88.9,93.8,2078.47,2.93,-1.29,6.06,5.91,102.59
Reynaldo López,FF,775,98.2,101.2,2189.4,16.55,-8.85,5.81,6.49,134.52
Reynaldo López,SL,352,87.92,92.1,2363.8,1.23,5.79,5.74,6.46,117.78
Rich Hill,CU,138,72.9,75.7,2618.72,-12.44,-17.44,5.64,6.16,85.83
Rich Hill,FF,182,88.96,91.2,2203.06,17.55,5.07,5.84,6.49,84.22
Richard Bleier,FC,178,86.03,88.2,1986.02,6.13,-1.2,5.89,6.72,97.26
Richard Bleier,SI,191,87.96,90.1,2003.69,2.57,14.69,5.77,6.75,157.2
Richard Lovelady,FF,117,90.81,93.5,2360.09,14.46,7.51,5.41,7.4,129.17
Richard Lovelady,SL,172,85.89,89.0,2381.17,2.98,-4.7,5.32,7.26,129.21
Rico Garcia,FF,105,95.36,97.5,2389.46,19.15,-8.44,5.94,5.89,144.11
Robert Stephenson,FC,311,88.64,91.7,2873.87,2.8,-0.93,6.03,5.91,157.48
Robert Stephenson,FF,106,96.8,98.3,2388.19,16.99,-12.13,5.86,6.08,122.09
Robert Suarez,CH,151,89.7,93.6,1815.85,7.86,-16.46,6.03,6.76,114.4
Robert Suarez,FF,164,97.66,100.7,2359.19,17.57,-7.26,6.14,6.77,137.25
Robert Suarez,SI,109,97.45,100.9,2301.66,15.34,-12.81,6.12,6.82,133.33
Ron Marinaccio,CH,330,82.87,86.1,1964.92,1.76,-16.34,5.34,6.69,111.11
Ron Marinaccio,FF,457,93.79,96.2,2268.86,16.65,-12.09,5.57,6.54,128.16
Ron Marinaccio,ST,100,81.39,86.4,2347.37,5.54,10.82,5.05,6.61,114.48
Ronel Blanco,FF,364,94.48,97.3,2267.32,18.87,-7.31,6.04,6.85,135.41
Ronel Blanco,SL,440,87.98,91.2,2148.54,8.29,1.9,5.94,6.74,101.35
Ross Stripling,CH,355,83.71,88.4,1689.52,11.06,-8.66,6.95,6.11,106.1
Ross Stripling,FF,371,92.53,95.6,2164.51,17.32,-3.68,6.9,6.11,89.8
Ross Stripling,KC,140,75.96,80.1,2360.52,-12.32,6.1,7.23,5.73,76.02
Ross Stripling,SI,130,90.34,94.0,2022.11,12.5,-12.2,6.86,6.17,96.27
Ross Stripling,SL,420,87.21,90.6,2297.0,6.08,4.39,6.88,6.1,84.14
Ryan Brasier,FF,191,95.14,97.0,2303.31,16.82,-7.73,5.62,6.81,124.71
Ryan Brasier,SL,142,84.75,88.1,2488.6,0.67,5.92,5.66,7.02,111.57
Ryan Pressly,CU,260,82.07,84.6,3287.63,-12.62,14.62,6.01,6.04,155.18
Ryan Pressly,FF,248,94.69,97.7,2557.71,17.55,-0.74,5.95,6.35,163.21
Ryan Pressly,SL,406,89.8,92.3,2747.7,2.76,4.77,6.02,6.2,136.94
Ryan Thompson,SI,267,90.44,92.4,2027.87,-6.79,-14.26,3.75,6.65,121.9
Ryan Thompson,SL,152,78.15,80.6,2163.42,7.07,17.21,3.74,6.43,95.78
Ryan Walker,SI,528,94.82,98.0,2229.81,2.5,-14.46,5.3,6.15,144.89
Ryan Walker,SL,536,83.18,85.9,2545.23,1.52,14.62,5.29,6.04,125.59
Ryan Weathers,CH,211,86.81,90.3,1676.2,9.89,11.94,5.8,5.85,87.73
Ryan Weathers,FF,441,94.95,98.4,2214.92,15.16,11.4,5.81,5.79,111.69
Ryan Weathers,ST,143,80.52,84.6,2364.26,-0.17,-13.09,5.81,5.84,79.61
Ryan Yarbrough,CH,175,78.36,82.1,1932.02,5.11,15.77,5.34,6.45,92.86
Ryan Yarbrough,CU,202,71.81,76.4,2184.96,4.91,-14.55,5.05,6.32,123.64
Ryan Yarbrough,FC,179,84.02,87.2,1987.28,8.36,0.49,5.16,6.42,90.37
Ryan Yarbrough,SI,223,86.83,90.8,1889.64,11.29,13.78,5.62,6.44,107.49
Ryne Nelson,CH,313,83.34,87.7,1713.19,8.5,-13.91,5.8,6.65,110.83
Ryne Nelson,CU,127,76.48,81.1,2486.41,-11.15,6.61,6.12,6.54,110.45
Ryne Nelson,FC,339,85.49,90.7,2327.55,1.01,4.49,6.0,6.58,122.87
Ryne Nelson,FF,1281,94.36,98.8,2209.86,18.15,-4.13,6.04,6.66,122.27
Ryne Nelson,SL,291,81.64,85.4,2409.02,-0.81,13.08,5.81,6.59,102.8
Ryne Stanek,FF,552,98.15,100.5,2346.39,18.1,-9.54,6.47,5.94,138.36
Ryne Stanek,FS,154,89.2,91.4,1057.9,5.19,-12.08,6.38,6.05,125.18
Ryne Stanek,SL,151,88.58,91.8,2486.14,-0.45,2.57,6.2,6.08,115.16
Sam Bachman,SI,112,96.84,99.5,2198.79,10.57,-14.96,5.46,6.35,110.84
Sam Bachman,SL,179,87.97,90.9,2357.46,1.15,-0.07,5.46,6.29,115.15
Sam Hentges,CU,303,79.95,83.5,2381.36,-14.41,-6.81,6.45,6.84,98.71
Sam Hentges,FF,304,95.64,98.0,2105.3,13.95,6.15,6.4,7.0,95.0
Sam Hentges,SI,113,95.3,97.6,2036.2,10.67,13.21,6.33,7.0,144.24
Sam Hentges,SL,125,87.81,94.1,2229.5,2.64,-3.25,6.37,6.92,137.33
Sam Long,CU,237,77.42,80.6,2575.7,-14.79,-2.67,6.14,6.02,89.72
Sam Long,FF,384,94.05,96.9,2263.12,17.4,4.96,5.99,6.18,111.16
Sam Moll,FF,107,94.63,96.7,2596.08,12.37,9.15,5.23,4.87,162.89
Sam Moll,SI,262,93.58,96.5,2365.64,2.08,16.23,5.17,4.87,128.27
Sam Moll,ST,258,82.03,84.6,3062.77,-0.18,-17.7,4.96,4.69,122.46
Sammy Peralta,CH,140,81.73,85.8,1886.59,-2.1,17.15,4.56,6.95,123.21
Sammy Peralta,FF,136,89.82,92.7,2121.71,8.62,13.18,4.7,6.92,91.59
Sawyer Gipson-Long,SL,107,82.36,85.0,2641.06,-3.4,9.61,5.23,7.36,143.77
Scott Alexander,SI,516,92.76,95.3,2223.84,3.87,13.66,5.73,6.24,119.41
Scott Alexander,SL,110,82.97,85.9,2532.49,-3.96,-3.82,5.76,6.06,98.99
Scott Barlow,CU,400,78.56,81.6,2596.66,-9.57,15.73,5.38,6.96,145.11
Scott Barlow,FF,254,92.97,96.3,2371.59,12.07,-4.41,5.2,7.11,128.05
Scott Barlow,SL,444,83.02,86.1,2552.16,0.45,10.81,5.06,7.0,126.88
Scott McGough,FF,628,93.49,96.3,2332.33,18.15,-8.6,6.01,5.77,121.04
Scott McGough,FS,485,85.71,88.4,1185.31,6.56,-6.18,6.01,5.75,82.68
Scott McGough,SL,112,86.65,90.2,2567.18,2.65,5.58,5.99,5.71,99.56
Sean Hjelle,KC,221,85.59,88.5,1893.74,-2.88,1.98,6.45,6.45,122.33
Sean Hjelle,SI,263,94.82,97.8,2105.16,4.71,-17.13,6.46,6.55,215.09
Sean Manaea,CH,340,86.62,92.9,1484.02,5.4,12.91,5.93,6.97,114.63
Sean Manaea,FF,1142,93.57,97.2,2038.29,10.64,14.97,5.57,7.18,103.39
Sean Manaea,SL,301,83.87,88.7,2068.57,2.21,-2.09,5.69,6.93,101.13
Sean Manaea,ST,212,79.59,85.1,2121.44,2.22,-11.65,5.72,6.95,97.9
Sean Newcomb,CU,105,80.6,83.9,2795.75,-10.63,-15.3,6.12,5.71,112.62
Sean Newcomb,FF,145,93.37,95.7,2291.95,15.9,7.22,6.33,5.71,97.05
Seth Lugo,CH,137,86.21,89.5,1542.69,5.53,-9.76,5.58,6.08,92.74
Seth Lugo,CU,692,79.54,84.1,3240.35,-16.03,12.48,5.69,5.78,122.33
Seth Lugo,FF,748,93.42,96.8,2267.46,16.89,-6.53,5.69,6.08,115.88
Seth Lugo,SI,473,93.19,96.6,2331.68,10.13,-15.61,5.44,6.19,109.14
Seth Lugo,SL,217,85.82,90.5,2588.15,3.05,5.04,5.65,5.94,104.1
Seth Martinez,CH,123,86.23,88.3,1653.27,0.1,-15.36,4.73,7.17,124.0
Seth Martinez,FF,304,91.08,92.9,2163.64,12.86,-9.42,4.56,7.02,121.39
Seth Martinez,SI,130,90.2,91.8,2058.28,1.85,-14.14,4.59,7.04,129.65
Seth Martinez,ST,205,79.34,81.9,2471.86,7.88,12.95,4.65,6.99,123.24
Shane Bieber,FC,523,86.51,88.8,2470.22,7.05,2.54,5.62,6.75,139.39
Shane Bieber,FF,687,91.34,93.5,2241.64,17.11,-9.57,5.65,6.85,102.92
Shane Bieber,KC,270,82.54,84.4,2239.09,-9.79,11.58,5.66,6.72,119.38
Shane Bieber,SL,403,84.63,87.0,2533.81,0.3,3.14,5.62,6.73,113.8
Shane McClanahan,CH,469,86.91,90.7,1603.98,6.62,16.24,6.07,6.92,131.29
Shane McClanahan,CU,309,83.5,87.3,2531.73,-8.54,-3.82,6.08,6.94,121.53
Shane McClanahan,FF,761,96.75,100.6,2241.78,17.63,9.92,6.23,7.01,128.95
Shane McClanahan,SL,278,89.33,94.3,2255.71,4.01,-2.76,6.0,7.0,130.0
Shawn Armstrong,FC,300,91.36,94.3,2527.15,10.15,4.64,5.77,6.59,103.66
Shawn Armstrong,FF,165,94.54,97.2,2382.54,16.65,-6.44,5.72,6.63,121.84
Shawn Armstrong,SI,272,94.68,97.4,2211.36,10.64,-15.95,5.65,6.66,112.43
Shintaro Fujinami,FC,223,88.2,92.9,2041.1,2.29,0.91,5.49,6.63,130.46
Shintaro Fujinami,FF,789,98.41,102.6,2014.48,14.03,-11.04,5.52,6.91,146.62
Shintaro Fujinami,FS,276,92.77,96.1,1190.29,2.97,-10.27,5.68,6.8,150.76
Shohei Ohtani,FC,327,88.57,94.9,2376.11,4.48,4.11,5.68,6.85,136.89
Shohei Ohtani,FF,683,96.84,101.2,2260.18,14.1,-4.08,5.68,6.93,135.45
Shohei Ohtani,FS,134,88.63,95.4,1304.99,4.04,-8.03,5.93,6.91,131.12
Shohei Ohtani,SI,124,94.57,99.1,2013.89,5.89,-14.76,5.64,6.93,158.71
Shohei Ohtani,ST,728,83.64,89.2,2497.93,3.52,15.94,5.62,6.81,126.03
Slade Cecconi,FF,244,94.13,97.5,2294.79,14.32,-12.78,5.67,6.39,92.4
Slade Cecconi,SL,113,82.95,87.1,2437.6,-3.39,3.36,5.63,6.36,98.68
Sonny Gray,CH,181,87.88,90.3,1715.36,5.83,-13.51,5.35,6.61,99.38
Sonny Gray,CU,466,79.57,83.1,2644.33,-14.35,12.84,5.56,6.43,114.98
Sonny Gray,FC,364,87.58,91.3,2711.55,0.82,5.37,5.53,6.48,139.4
Sonny Gray,FF,760,92.9,94.9,2536.74,12.47,0.49,5.52,6.53,106.14
Sonny Gray,SI,437,92.79,94.6,2443.0,9.6,-10.65,5.52,6.55,142.96
Sonny Gray,ST,570,84.36,87.2,2707.3,-6.24,15.62,5.5,6.44,94.48
Spencer Patton,FF,110,91.26,92.8,2038.11,13.94,-7.78,5.07,6.41,83.22
Spencer Turnbull,FF,227,92.86,95.7,2457.89,10.99,-1.76,5.54,6.37,100.42
Spencer Turnbull,SI,106,93.34,95.8,2230.28,6.88,-14.12,5.45,6.49,115.68
Spencer Turnbull,SL,124,83.82,89.0,2501.03,-1.5,8.03,5.53,6.39,108.63
Steven Cruz,FF,107,97.7,101.3,2174.87,14.17,-10.65,5.29,7.03,142.09
Steven Wilson,FF,341,94.44,97.3,2385.67,18.33,-7.78,5.68,6.99,150.75
Steven Wilson,ST,560,81.03,85.5,2608.76,7.9,12.97,5.24,6.77,125.35
Taj Bradley,CH,250,89.32,93.4,1439.69,7.43,-9.25,6.03,6.51,101.74
Taj Bradley,CU,303,78.95,83.1,2409.32,-16.48,6.62,6.19,6.42,106.31
Taj Bradley,FC,448,88.86,93.5,2353.94,5.21,4.46,6.06,6.46,120.0
Taj Bradley,FF,816,96.12,99.4,2291.71,18.86,-4.87,6.13,6.44,138.8
Tanner Banks,CH,166,86.3,90.4,1829.49,5.79,11.47,6.31,6.15,110.94
Tanner Banks,CU,154,81.01,85.3,2317.97,4.88,-12.98,6.08,6.03,147.35
Tanner Banks,FF,355,92.64,95.4,2240.53,15.39,2.17,6.43,5.94,107.95
Tanner Banks,SL,302,86.37,89.5,2378.32,4.29,-4.91,6.26,6.06,96.59
Tanner Bibee,CH,386,83.82,87.4,2048.06,13.33,-13.42,6.23,6.44,108.98
Tanner Bibee,CU,216,78.35,81.9,2719.61,-11.49,10.34,6.49,6.54,104.3
Tanner Bibee,FF,1093,94.9,99.0,2301.0,16.48,-4.55,6.42,6.57,105.46
Tanner Bibee,SL,628,84.71,88.8,2793.61,-0.91,10.36,6.31,6.53,115.72
Tanner Houck,FC,181,91.29,94.5,2404.38,7.22,-3.45,5.21,6.47,146.04
Tanner Houck,FF,169,93.85,96.4,2206.3,9.0,-8.24,5.2,6.57,82.52
Tanner Houck,FS,193,87.64,90.2,1691.17,1.32,-14.1,5.31,6.53,133.92
Tanner Houck,SI,498,93.4,96.2,2129.08,-0.93,-15.42,5.34,6.47,176.92
Tanner Houck,SL,666,83.87,86.7,2593.12,-2.41,11.15,5.31,6.27,103.31
Tarik Skubal,CH,298,84.26,88.0,1562.76,4.79,12.87,6.16,6.21,105.15
Tarik Skubal,FF,438,95.76,99.0,2185.68,15.8,7.1,6.2,6.24,94.21
Tarik Skubal,SI,147,95.83,99.2,2080.78,11.29,14.93,6.12,6.25,109.51
Tarik Skubal,SL,251,87.64,92.1,2075.06,5.27,-1.97,6.04,6.32,101.85
Tayler Saucedo,CH,203,85.96,88.4,2203.02,2.57,18.17,5.23,6.78,125.76
Tayler Saucedo,SI,314,92.29,94.6,2336.34,3.69,17.74,5.31,6.75,147.05
Tayler Saucedo,SL,205,82.6,85.1,2355.19,1.13,-7.61,5.28,6.74,113.14
Taylor Clarke,CH,164,89.06,91.9,1582.9,6.26,-15.22,5.91,6.29,103.01
Taylor Clarke,FF,309,94.8,96.6,2249.38,17.45,-4.94,6.13,6.25,109.32
Taylor Clarke,SL,392,88.53,91.0,2191.55,4.92,4.43,6.11,6.24,102.99
Taylor Clarke,ST,198,83.86,86.1,2487.74,-2.5,11.23,6.08,6.25,88.35
Taylor Hearn,FF,131,95.49,97.8,2269.95,16.67,9.55,6.45,6.28,129.62
Taylor Hearn,SL,121,86.83,89.7,2048.04,2.04,-2.67,6.44,6.23,104.18
Taylor Rogers,SI,333,93.59,96.0,2117.51,6.71,16.17,5.68,5.82,104.11
Taylor Rogers,ST,456,79.44,82.2,2730.37,0.62,-14.8,5.64,5.71,93.13
Tim Herrin,FF,209,96.57,98.8,2394.14,12.97,6.98,5.51,6.71,124.01
Tim Herrin,SL,205,88.08,91.1,2295.33,2.6,-3.97,5.49,6.63,112.63
Tim Hill,FF,344,90.55,93.2,2196.49,3.64,17.67,3.25,6.86,87.35
Tim Hill,SI,300,88.57,91.4,2089.73,-4.37,16.08,3.06,6.92,85.45
Tim Mayza,SI,600,93.4,96.5,2056.03,8.25,16.17,6.33,6.49,120.35
Tim Mayza,SL,187,86.21,89.7,2286.4,-1.09,-1.36,6.28,6.55,108.61
Tom Cosgrove,FF,203,91.96,94.4,2340.87,11.28,9.13,4.9,6.08,99.12
Tom Cosgrove,SI,191,91.03,93.4,2157.88,2.1,13.9,4.78,6.08,101.19
Tom Cosgrove,SL,437,76.18,79.4,2672.13,4.63,-19.44,4.63,5.92,117.27
Tommy Henry,CH,268,83.98,86.2,1467.79,1.89,13.6,5.6,6.76,98.28
Tommy Henry,CU,262,79.14,82.1,2321.23,-8.9,-9.0,5.76,6.52,104.66
Tommy Henry,FF,681,90.67,93.5,2143.14,14.67,6.07,5.7,6.73,78.1
Tommy Henry,SL,175,83.14,85.1,2123.31,6.2,-5.39,5.52,6.61,100.94
Tommy Kahnle,CH,518,88.83,93.3,1334.53,2.36,-12.68,5.66,6.67,117.13
Tommy Kahnle,FF,114,95.31,98.2,2156.65,15.27,-5.38,5.94,6.68,108.48
Touki Toussaint,CU,459,76.14,79.8,2438.88,-12.97,12.31,5.92,6.98,125.57
Touki Toussaint,FF,373,93.57,96.0,2224.08,13.35,-9.19,5.62,7.05,103.03
Touki Toussaint,FS,299,87.54,90.8,1624.08,3.34,-11.03,5.63,7.09,139.93
Touki Toussaint,SI,421,92.86,95.8,2209.8,7.35,-15.74,5.59,7.04,117.46
Trent Thornton,FF,153,94.07,96.4,2425.2,16.27,-2.75,5.46,6.43,130.1
Trent Thornton,ST,158,79.6,82.2,2965.89,-0.19,18.53,4.87,6.23,115.37
Trevor Gott,FC,191,88.58,91.6,2200.68,9.04,2.73,5.34,5.95,84.85
Trevor Gott,FF,116,93.14,94.5,2124.82,15.49,-8.62,5.31,5.98,129.82
Trevor Gott,SI,130,93.55,95.7,1984.94,6.61,-17.26,5.22,5.98,105.19
Trevor Kelley,SI,144,89.1,91.5,2161.89,2.55,-19.97,3.68,6.73,170.31
Trevor Kelley,ST,111,76.03,82.1,2494.16,8.05,14.77,3.31,6.38,125.9
Trevor May,CH,172,87.79,91.1,1647.64,8.99,-15.82,5.66,7.13,125.19
Trevor May,FF,327,94.75,97.5,2268.34,16.74,-6.45,5.75,7.07,133.66
Trevor May,SL,201,84.36,88.8,2451.27,-1.76,4.96,5.7,6.96,102.29
Trevor Richards,CH,765,82.54,85.0,2571.53,3.23,-15.49,6.24,6.23,173.43
Trevor Richards,FF,585,92.78,94.9,2271.64,20.09,-7.74,6.3,6.3,110.64
Trevor Stephan,FF,538,94.93,97.0,2527.71,14.89,-8.41,5.73,6.61,118.74
Trevor Stephan,FS,317,86.53,89.8,1288.42,5.01,-10.23,5.89,6.57,117.59
Trevor Stephan,SL,271,85.42,89.3,2619.27,2.7,8.9,5.83,6.5,106.28
Trey Wingenter,FF,155,95.8,97.5,2025.68,14.81,-8.33,5.61,7.14,128.31
Trey Wingenter,SL,153,84.12,86.3,2007.36,-2.76,1.05,5.55,6.88,111.94
Tristan Beck,CU,103,79.19,83.3,2325.16,-15.49,8.53,6.14,6.89,93.82
Tristan Beck,FF,472,94.68,98.3,2103.69,16.48,-8.38,6.11,6.76,105.6
Tristan Beck,SL,426,87.69,91.6,2436.57,3.89,5.64,6.06,6.8,119.1
Tristan Beck,ST,279,82.23,86.4,2616.76,-1.92,16.76,5.9,6.78,115.31
Triston McKenzie,FF,190,92.37,95.7,2254.3,19.89,-3.33,6.45,6.83,107.51
Tucker Davidson,FF,298,91.37,94.3,1969.89,17.07,2.32,6.16,6.68,96.43
Tucker Davidson,SL,372,84.83,90.0,2260.39,-1.26,-6.42,6.12,6.5,93.84
Ty Adcock,SL,116,86.49,90.0,2130.39,-0.14,4.66,6.02,6.4,91.84
Tyler Alexander,CH,115,82.75,84.4,1504.61,7.81,13.53,5.66,6.35,104.28
Tyler Alexander,FC,239,86.38,89.5,2371.07,9.8,-1.82,5.65,6.32,114.1
Tyler Alexander,FF,189,89.92,92.1,2330.12,18.21,7.78,5.72,6.35,107.41
Tyler Anderson,CH,820,80.01,83.4,1861.48,11.56,12.97,6.4,6.24,115.4
Tyler Anderson,FC,544,85.07,88.7,2439.43,11.08,-3.29,6.19,6.26,123.34
Tyler Anderson,FF,906,90.13,94.8,2217.53,18.66,4.93,6.38,6.21,75.19
Tyler Anderson,SI,136,88.48,91.5,2227.36,6.84,17.9,5.27,6.25,115.77
Tyler Gilbert,FC,122,88.85,91.8,2341.43,8.03,-2.48,5.7,6.1,93.62
Tyler Glasnow,CU,403,83.87,86.9,2726.16,-13.34,1.06,6.18,7.24,125.06
Tyler Glasnow,FF,826,96.37,99.1,2489.1,16.77,-1.06,6.04,7.52,179.17
Tyler Glasnow,SL,659,90.14,93.9,2656.37,1.58,2.31,5.98,7.4,148.63
Tyler Holton,CH,268,82.91,85.2,1636.01,5.43,14.66,5.71,6.77,111.33
Tyler Holton,FC,231,87.98,90.3,2301.77,7.1,-4.72,5.98,6.72,104.07
Tyler Holton,FF,333,91.51,94.2,2166.33,16.55,3.86,5.96,6.72,98.21
Tyler Holton,SI,147,91.16,93.9,2092.83,10.36,14.95,5.82,6.71,90.63
Tyler Holton,SL,169,81.75,84.9,2579.82,1.77,-12.29,5.72,6.62,112.12
Tyler Mahle,FF,212,92.68,95.4,2354.37,18.87,-10.17,5.48,6.79,126.66
Tyler Mahle,SL,109,83.9,86.8,2407.47,-1.22,8.95,5.45,6.73,113.0
Tyler Rogers,SI,568,82.81,85.7,1926.04,-11.82,0.03,1.08,5.98,129.17
Tyler Rogers,SL,532,72.92,75.9,2329.86,15.96,10.24,1.1,5.99,120.25
Tyler Wells,CH,353,85.38,88.0,2251.81,13.22,-15.51,6.88,6.4,133.39
Tyler Wells,CU,144,74.03,77.6,2656.12,-12.85,10.47,6.97,6.25,92.59
Tyler Wells,FC,370,88.67,92.0,2418.87,12.0,4.27,6.9,6.3,103.68
Tyler Wells,FF,715,92.52,95.8,2443.67,18.99,-4.17,6.92,6.34,113.32
Tyler Wells,SL,309,83.99,86.9,2462.81,2.09,5.85,6.92,6.32,122.39
Wandy Peralta,CH,389,88.99,92.7,2184.6,4.93,16.71,5.77,5.93,117.5
Wandy Peralta,SI,324,95.87,98.0,2211.44,9.49,16.93,6.07,5.88,137.68
Wandy Peralta,SL,115,88.72,91.9,2274.25,5.27,-0.63,5.9,6.1,102.32
Will Smith,FF,336,92.36,94.8,2204.34,17.03,7.0,6.6,6.2,78.05
Will Smith,SL,430,81.05,84.7,2331.87,0.47,-7.08,6.48,6.17,97.64
Will Vest,FF,400,95.26,98.0,2135.94,15.42,-9.71,5.68,6.21,111.65
Will Vest,SL,260,86.07,88.5,2282.68,-1.69,6.57,5.52,6.16,116.17
Xzavion Curry,CU,174,75.1,77.5,2477.43,-11.96,9.47,6.01,6.06,88.81
Xzavion Curry,FF,723,92.53,95.2,2101.18,18.34,-2.73,6.09,6.18,104.64
Xzavion Curry,SL,539,85.05,90.8,2430.15,1.58,5.87,6.0,6.06,98.36
Yennier Cano,CH,282,90.87,92.9,1807.9,1.06,-18.12,5.64,6.07,137.28
Yennier Cano,SI,555,96.31,98.6,2118.03,-2.45,-17.84,5.33,6.01,226.21
Yennier Cano,SL,139,87.52,90.1,2445.12,0.38,6.24,4.99,5.76,117.27
Yerry Rodríguez,FF,130,97.22,99.7,2399.74,13.92,-10.99,5.75,6.56,97.89
Yerry Rodríguez,SL,103,84.09,89.1,2557.07,8.18,6.65,5.6,6.72,122.13
Yimi García,CU,366,83.57,87.6,2803.32,-2.26,12.22,5.1,5.93,117.76
Yimi García,FF,363,95.95,99.3,2506.57,13.88,-10.64,5.05,5.96,140.97
Yimi García,SI,170,95.48,97.7,2321.2,7.56,-17.72,5.16,5.94,117.84
Yimi García,SL,115,90.02,93.9,2554.09,6.86,3.21,5.11,5.97,96.4
Yonny Chirinos,FS,191,84.5,88.1,1289.64,3.13,-6.14,6.69,6.34,107.29
Yonny Chirinos,SI,445,92.27,95.0,2027.06,7.31,-17.57,6.54,6.29,179.05
Yonny Chirinos,SL,293,88.57,91.7,2227.14,6.71,1.26,6.62,6.34,114.85
Yu Darvish,CU,112,72.28,76.1,2647.37,-15.53,11.99,5.55,6.61,132.7
Yu Darvish,FC,202,90.88,93.2,2602.9,9.39,2.13,5.49,6.59,109.83
Yu Darvish,FF,369,94.69,97.6,2405.65,17.35,-6.6,5.53,6.59,133.23
Yu Darvish,FS,171,89.21,92.3,1447.8,4.56,-6.94,5.56,6.57,101.98
Yu Darvish,KC,147,79.33,83.9,2768.82,-12.39,9.82,5.57,6.56,105.54
Yu Darvish,SI,414,94.28,96.8,2271.2,10.14,-14.62,5.42,6.66,109.21
Yu Darvish,SL,389,85.66,89.5,2828.46,-1.64,5.63,5.53,6.43,105.67
Yu Darvish,ST,408,82.41,87.1,2791.87,0.26,17.15,5.39,6.48,97.74
Yusei Kikuchi,CH,271,88.7,92.5,1724.01,7.35,9.14,5.44,6.98,107.11
Yusei Kikuchi,CU,542,83.12,88.1,2535.58,-3.64,-6.09,5.56,6.83,141.13
Yusei Kikuchi,FF,1264,95.07,97.8,2340.11,16.17,9.81,5.32,6.89,139.99
Yusei Kikuchi,SL,726,88.71,92.9,2426.64,3.24,-2.52,5.4,6.84,130.33
Zac Gallen,CH,453,86.82,90.3,1517.01,4.17,-12.63,5.76,6.68,101.84
Zac Gallen,FC,331,89.96,94.2,2342.79,8.49,3.46,5.86,6.56,108.13
Zac Gallen,FF,1599,93.55,96.8,2296.13,16.96,-2.9,5.97,6.6,129.48
Zac Gallen,KC,735,82.5,85.9,2462.73,-10.74,3.95,5.88,6.52,106.38
Zac Gallen,SL,111,87.46,91.1,2433.28,1.11,5.49,5.85,6.65,122.3
Zach Davies,CH,370,80.69,83.4,1769.39,6.94,-14.71,5.54,6.15,103.02
Zach Davies,FC,169,87.46,90.0,2243.87,11.4,-2.56,5.51,6.07,73.25
Zach Davies,FF,337,89.26,92.3,2208.17,14.38,-12.31,5.46,6.12,86.82
Zach Davies,SI,487,89.62,92.6,2112.81,9.28,-16.54,5.5,6.14,71.29
Zach Eflin,CH,130,86.45,89.7,1614.52,4.78,-15.79,5.97,6.77,121.16
Zach Eflin,CU,682,79.07,83.4,2502.33,-7.38,11.51,6.04,6.48,92.61
Zach Eflin,FC,672,88.47,91.5,2235.65,8.53,2.44,5.9,6.61,99.0
Zach Eflin,FF,159,92.9,95.6,2218.04,14.11,-7.82,5.9,6.68,85.57
Zach Eflin,SI,822,92.25,95.0,2099.61,5.99,-16.7,5.84,6.74,123.15
Zach Eflin,ST,102,79.66,82.1,2478.6,0.48,16.84,5.97,6.49,79.95
Zach Jackson,FF,216,93.09,95.4,2128.82,19.72,-4.95,6.78,5.38,112.18
Zach Jackson,SL,150,83.95,87.7,2422.23,-1.34,1.03,6.98,5.02,129.73
Zach Neal,FC,147,86.18,88.4,2213.01,5.99,0.47,5.22,6.55,105.16
Zach Neal,SI,128,89.16,91.3,2177.43,4.7,-16.21,5.24,6.58,115.9
Zach Plesac,FF,146,90.97,93.7,2061.63,18.05,-9.25,6.18,6.45,93.68
Zach Plesac,SL,151,84.71,87.2,2105.22,7.23,0.29,6.17,6.35,132.95
Zach Pop,SI,116,95.81,97.8,2182.79,3.15,-17.52,5.5,6.4,140.51
Zack Greinke,CH,367,86.5,89.8,1757.7,4.2,-13.24,6.15,6.03,104.83
Zack Greinke,CU,310,72.48,76.6,2409.3,-10.79,11.51,6.19,5.86,92.07
Zack Greinke,FC,156,85.17,88.1,2437.12,4.2,6.91,6.32,5.94,106.95
Zack Greinke,FF,588,89.55,93.3,2248.36,15.75,-2.86,6.29,6.02,67.83
Zack Greinke,SI,348,89.8,92.3,2205.69,9.6,-14.83,6.18,6.06,75.26
Zack Greinke,SL,442,79.17,82.7,2464.18,2.4,13.63,6.16,5.88,97.74
Zack Littell,FF,414,94.08,96.6,2069.47,17.35,-8.31,6.12,6.35,98.77
Zack Littell,FS,254,84.26,86.8,914.18,2.25,-8.81,6.29,6.14,93.09
Zack Littell,SI,127,92.88,94.9,2073.61,12.92,-15.14,6.06,6.29,100.13
Zack Littell,SL,422,88.67,91.6,2211.72,7.82,0.75,6.18,6.24,105.51
Zack Weiss,SL,143,83.83,86.4,2539.46,0.65,13.54,5.59,6.25,111.7
